Company Name,Model Name,Mobile Weight (gr),RAM,Front Camera,Back Camera,Processor,Battery Capacity (mAh),Screen Size (inch),Launched Price (Pakistan),Launched Price (India),Launched Price (China),Launched Price (USA),Launched Price (Dubai),Launched Year,Launched Price (Pakistan) in USD,Launched Price (India) in USD,Launched Price (China) in USD,Launched Price (USA) in USD,Launched Price (Dubai) in USD,Average Launched Price (USD),Launch Age (Years),Price Premium Index,Price_Segment
Apple,iPhone 16 128GB,174.0,6,12MP,48MP,A17 Bionic,3600,6,224999,79999,5799,799.0,2799,2024,809.9964,959.988,811.8600000000001,799.0,755.73,827.3148800000001,1,0.9657749658751452,Flagship
Apple,iPhone 16 256GB,174.0,6,12MP,48MP,A17 Bionic,3600,6,234999,84999,6099,849.0,2999,2024,845.9964,1019.988,853.8600000000001,849.0,809.73,875.7148800000001,1,0.9694936324480405,Flagship
Apple,iPhone 16 512GB,174.0,6,12MP,48MP,A17 Bionic,3600,6,244999,89999,6499,899.0,3199,2024,881.9964,1079.988,909.8600000000001,899.0,863.73,926.91488,1,0.9698840955061591,Flagship
Apple,iPhone 16 Plus 128GB,203.0,6,12MP,48MP,A17 Bionic,4200,7,249999,89999,6199,899.0,3199,2024,899.9964,1079.988,867.8600000000001,899.0,863.73,922.1148800000001,1,0.974932754582596,Flagship
Apple,iPhone 16 Plus 256GB,203.0,6,12MP,48MP,A17 Bionic,4200,7,259999,94999,6499,949.0,3399,2024,935.9964,1139.988,909.8600000000001,949.0,917.73,970.5148800000001,1,0.977831478482844,Flagship
Apple,iPhone 16 Plus 512GB,203.0,6,12MP,48MP,A17 Bionic,4200,7,274999,104999,6999,999.0,3599,2024,989.9964,1259.988,979.8600000000001,999.0,971.73,1040.11488,1,0.9604708279916156,Flagship
Apple,iPhone 16 Pro 128GB,206.0,6,12MP / 4K,50MP + 12MP,A17 Pro,4400,6,284999,99999,6999,999.0,3499,2024,1025.9964,1199.988,979.8600000000001,999.0,944.73,1029.91488,1,0.9699830727758783,Flagship
Apple,iPhone 16 Pro 256GB,206.0,8,12MP / 4K,50MP + 12MP,A17 Pro,4400,6,294999,104999,7099,1049.0,3699,2024,1061.9964,1259.988,993.8600000000001,1049.0,998.73,1072.71488,1,0.9778926530785143,Flagship
Apple,iPhone 16 Pro 512GB,206.0,8,12MP / 4K,50MP + 12MP,A17 Pro,4400,6,314999,114999,7499,1099.0,3899,2024,1133.9964,1379.988,1049.8600000000001,1099.0,1052.73,1143.11488,1,0.9614081832265187,Flagship
Apple,iPhone 16 Pro Max 128GB,221.0,6,12MP / 4K,48MP + 12MP,A17 Pro,4500,7,314999,109999,7499,1099.0,3799,2024,1133.9964,1319.988,1049.8600000000001,1099.0,1025.73,1125.71488,1,0.9762685201425071,Flagship
Apple,iPhone 16 Pro Max 256GB,221.0,8,12MP / 4K,48MP + 12MP,A17 Pro,4500,7,324999,114999,7799,1199.0,3999,2024,1169.9964,1379.988,1091.8600000000001,1199.0,1079.73,1184.11488,1,1.0125706721969407,Flagship
Apple,iPhone 16 Pro Max 512GB,221.0,8,12MP / 4K,48MP + 12MP,A17 Pro,4500,7,344999,124999,8199,1299.0,4199,2024,1241.9964,1499.988,1147.8600000000001,1299.0,1133.73,1264.5148800000002,1,1.0272714228558544,Flagship
Apple,iPhone 15 Plus 128GB,203.0,6,12MP,48MP,A16 Bionic,4300,7,234999,84999,5699,899.0,3199,2023,845.9964,1019.988,797.8600000000001,899.0,863.73,885.3148800000001,2,1.0154579125564904,Flagship
Apple,iPhone 15 Plus 256GB,203.0,6,12MP,48MP,A16 Bionic,4300,7,244999,94999,6199,999.0,3399,2023,881.9964,1139.988,867.8600000000001,999.0,917.73,961.3148800000001,2,1.0392016401535362,Flagship
Apple,iPhone 15 Plus 512GB,203.0,6,12MP,48MP,A16 Bionic,4300,7,264999,104999,6799,1049.0,3599,2023,953.9964,1259.988,951.8600000000001,1049.0,971.73,1037.3148800000001,2,1.0112647762268674,Flagship
Apple,iPhone 15 Pro 128GB,206.0,6,12MP / 4K,48MP + 12MP,A16 Bionic,4400,6,274999,99999,6999,1099.0,3599,2023,989.9964,1199.988,979.8600000000001,1099.0,971.73,1048.11488,2,1.0485491819370027,Flagship
Apple,iPhone 15 Pro 256GB,206.0,8,12MP / 4K,48MP + 12MP,A16 Bionic,4400,6,284999,109999,7299,1199.0,3799,2023,1025.9964,1319.988,1021.8600000000001,1199.0,1025.73,1118.5148800000002,2,1.0719571294393506,Flagship
Apple,iPhone 15 Pro 512GB,206.0,8,12MP / 4K,48MP + 12MP,A16 Bionic,4400,6,304999,119999,7799,1299.0,4199,2023,1097.9964,1439.988,1091.8600000000001,1299.0,1133.73,1212.5148800000002,2,1.071327058683189,Flagship
Apple,iPhone 15 Pro Max 128GB,221.0,6,12MP / 4K,48MP + 12MP,A16 Bionic,4500,7,314999,114999,7999,1199.0,3899,2023,1133.9964,1379.988,1119.8600000000001,1199.0,1052.73,1177.11488,2,1.0185921700352645,Flagship
Apple,iPhone 15 Pro Max 256GB,221.0,8,12MP / 4K,48MP + 12MP,A16 Bionic,4500,7,324999,124999,8199,1299.0,4199,2023,1169.9964,1499.988,1147.8600000000001,1299.0,1133.73,1250.11488,2,1.0391045021398353,Flagship
Apple,iPhone 15 Pro Max 512GB,221.0,8,12MP / 4K,48MP + 12MP,A16 Bionic,4500,7,344999,134999,8699,1399.0,4399,2023,1241.9964,1619.988,1217.8600000000001,1399.0,1187.73,1333.3148800000001,2,1.049264521820982,Flagship
Apple,iPhone 14 Plus 128GB,203.0,6,12MP,12MP + 12MP,A15 Bionic,4325,7,204999,79999,5499,899.0,3199,2022,737.9964,959.988,769.8600000000001,899.0,863.73,846.1148800000001,3,1.0625034747054678,Flagship
Apple,iPhone 14 Plus 256GB,203.0,6,12MP,12MP + 12MP,A15 Bionic,4325,7,214999,84999,5899,999.0,3399,2022,773.9964,1019.988,825.8600000000001,999.0,917.73,907.3148800000001,3,1.1010510485621043,Flagship
Apple,iPhone 14 Plus 512GB,203.0,6,12MP,12MP + 12MP,A15 Bionic,4325,7,224999,94999,6299,1049.0,3599,2022,809.9964,1139.988,881.8600000000001,1049.0,971.73,970.5148800000001,3,1.0808695689446821,Flagship
Apple,iPhone 14 Pro 128GB,206.0,6,12MP / 4K,48MP + 12MP,A16 Bionic,4200,6,294999,109999,7199,1099.0,3699,2022,1061.9964,1319.988,1007.8600000000001,1099.0,998.73,1097.5148800000002,3,1.0013531661639063,Flagship
Apple,iPhone 14 Pro 256GB,206.0,8,12MP / 4K,48MP + 12MP,A16 Bionic,4200,6,304999,119999,7499,1199.0,3899,2022,1097.9964,1439.988,1049.8600000000001,1199.0,1052.73,1167.91488,3,1.0266159122829226,Flagship
Apple,iPhone 14 Pro 512GB,206.0,8,12MP / 4K,48MP + 12MP,A16 Bionic,4200,6,324999,134999,7999,1299.0,4199,2022,1169.9964,1619.988,1119.8600000000001,1299.0,1133.73,1268.5148800000002,3,1.0240321343333394,Flagship
Apple,iPhone 14 Pro Max 128GB,221.0,6,12MP / 4K,48MP + 12MP,A16 Bionic,4500,7,324999,124999,8099,1199.0,3999,2022,1169.9964,1499.988,1133.8600000000001,1199.0,1079.73,1216.5148800000002,3,0.9856024120313266,Flagship
Apple,iPhone 14 Pro Max 256GB,221.0,8,12MP / 4K,48MP + 12MP,A16 Bionic,4500,7,344999,134999,8499,1299.0,4199,2022,1241.9964,1619.988,1189.8600000000001,1299.0,1133.73,1296.91488,3,1.0016077539337045,Flagship
Apple,iPhone 13 Pro Max 128GB,238.0,6,12MP / 4K,12MP + 12MP + 12MP,A15 Bionic,4352,7,324999,129900,8299,1099.0,4199,2021,1169.9964,1558.8,1161.8600000000001,1099.0,1133.73,1224.67728,4,0.8973792671323174,Flagship
Apple,iPhone 13 Pro Max 256GB,238.0,6,12MP / 4K,12MP + 12MP + 12MP,A15 Bionic,4352,7,354999,139900,8799,1199.0,4399,2021,1277.9964,1678.8,1231.8600000000001,1199.0,1187.73,1315.07728,4,0.9117334914340548,Flagship
Apple,iPhone 12 Pro Max 128GB,228.0,6,12MP / 4K,12MP + 12MP + 12MP,A14 Bionic,3687,7,344999,129900,8399,1099.0,4199,2020,1241.9964,1558.8,1175.8600000000001,1099.0,1133.73,1241.8772800000002,5,0.8849505645195472,Flagship
Apple,iPhone 11 Pro Max 64GB,226.0,4,12MP / 4K,12MP + 12MP + 12MP,A13 Bionic,3969,6,269999,109900,7799,1099.0,4399,2019,971.9964,1318.8,1091.8600000000001,1099.0,1187.73,1133.8772800000002,6,0.9692406924319005,Flagship
Apple,iPhone 11 Pro Max 256GB,226.0,4,12MP / 4K,12MP + 12MP + 12MP,A13 Bionic,3969,6,289999,119900,8199,1199.0,4599,2019,1043.9964,1438.8,1147.8600000000001,1199.0,1241.73,1214.27728,6,0.9874186231994722,Flagship
Apple,iPhone 11 Pro Max 512GB,226.0,4,12MP / 4K,12MP + 12MP + 12MP,A13 Bionic,3969,6,309999,129900,8799,1399.0,4999,2019,1115.9964,1558.8,1231.8600000000001,1399.0,1349.73,1331.07728,6,1.0510283820635868,Flagship
Samsung,Galaxy S24 128GB,168.0,8,12MP,50MP + 12MP,Exynos 2400,4000,6,350000,79900,5799,799.0,3299,2024,1260.0,958.8000000000001,811.8600000000001,799.0,890.73,944.0780000000001,1,0.8463283754096589,Flagship
Samsung,Galaxy S23+ 128GB,196.0,8,12MP,50MP + 12MP,Snapdragon 8 Gen 2,4700,7,360000,79900,6199,899.0,3399,2023,1296.0,958.8000000000001,867.8600000000001,899.0,917.73,987.878,2,0.9100314006385404,Flagship
Samsung,Galaxy S23 128GB,168.0,8,12MP,50MP + 12MP,Snapdragon 8 Gen 2,3900,6,320000,69900,5499,799.0,3099,2023,1152.0,838.8000000000001,769.8600000000001,799.0,836.73,879.278,2,0.9087000925759543,Flagship
Samsung,Galaxy S23 256GB,168.0,8,12MP,50MP + 12MP,Snapdragon 8 Gen 2,3900,6,350000,79900,5999,899.0,3299,2023,1260.0,958.8000000000001,839.8600000000001,899.0,890.73,969.6780000000001,2,0.927111886626282,Flagship
Samsung,Galaxy S22+ 128GB,195.0,8,10MP,50MP + 12MP,Exynos 2200,4500,7,350000,79900,5999,799.0,3299,2022,1260.0,958.8000000000001,839.8600000000001,799.0,890.73,949.6780000000001,3,0.8413378008124858,Flagship
Samsung,Galaxy S22 128GB,167.0,8,10MP,50MP + 12MP,Exynos 2200,3800,6,300000,69900,5499,699.0,2999,2022,1080.0,838.8000000000001,769.8600000000001,699.0,809.73,839.4780000000001,3,0.8326602960411112,Flagship
Samsung,Galaxy S22 256GB,167.0,8,10MP,50MP + 12MP,Exynos 2200,3800,6,330000,79900,5999,799.0,3199,2022,1188.0,958.8000000000001,839.8600000000001,799.0,863.73,929.878,3,0.8592525040919347,Flagship
Samsung,Galaxy Z Flip 5 256GB,187.0,8,12MP,12MP + 12MP,Snapdragon 8 Gen 2,3700,7,350000,94900,7999,999.0,4099,2023,1260.0,1138.8,1119.8600000000001,999.0,1106.73,1124.8780000000002,2,0.8880963091108546,Flagship
Samsung,Galaxy Z Flip 4 256GB,187.0,8,10MP,12MP + 12MP,Snapdragon 8 Gen 1,3700,7,320000,84900,6999,999.0,3799,2022,1152.0,1018.8000000000001,979.8600000000001,999.0,1025.73,1035.078,3,0.9651446557650728,Flagship
Samsung,Galaxy Z Flip 4 512GB,187.0,8,10MP,12MP + 12MP,Snapdragon 8 Gen 1,3700,7,350000,94900,7999,1099.0,4099,2022,1260.0,1138.8,1119.8600000000001,1099.0,1106.73,1144.8780000000002,3,0.9599276080071413,Flagship
Samsung,Galaxy A54 128GB,189.0,6,32MP,50MP + 12MP,Exynos 1380,5000,6,85000,27999,2199,399.0,1399,2023,306.0,335.988,307.86,399.0,377.73,345.3156,2,1.1554647400812474,Mid-Range
Samsung,Galaxy A54 256GB,189.0,6,32MP,50MP + 12MP,Exynos 1380,5000,6,95000,32999,2499,449.0,1499,2023,342.0,395.988,349.86,449.0,404.73,388.3156,2,1.1562759775811222,Mid-Range
Samsung,Galaxy A34 128GB,199.0,6,13MP,48MP + 8MP,MediaTek Dimensity 1080,5000,7,75000,22999,1799,349.0,1299,2023,270.0,275.988,251.86,349.0,350.73,299.5156,2,1.1652147667767556,Mid-Range
Samsung,Galaxy A34 256GB,199.0,6,13MP,48MP + 8MP,MediaTek Dimensity 1080,5000,7,85000,27999,1999,399.0,1399,2023,306.0,335.988,279.86,399.0,377.73,339.7156,2,1.1745118563881083,Mid-Range
Samsung,Galaxy A24 128GB,195.0,6,13MP,50MP + 5MP,MediaTek Helio G99,5000,6,70000,19999,1599,299.0,1199,2023,252.0,239.988,223.86,299.0,323.73,267.7156,2,1.1168568436056772,Mid-Range
Samsung,Galaxy A24 256GB,195.0,6,13MP,50MP + 5MP,MediaTek Helio G99,5000,6,80000,24999,1799,349.0,1299,2023,288.0,299.988,251.86,349.0,350.73,307.9156,2,1.133427471683799,Mid-Range
Samsung,Galaxy A14 128GB,190.0,4,13MP,50MP + 2MP,Exynos 850,5000,7,60000,18499,1499,249.0,1099,2023,216.0,221.988,209.86,249.0,296.73,238.7156,2,1.0430822283922794,Mid-Range
Samsung,Galaxy A14 256GB,190.0,4,13MP,50MP + 2MP,Exynos 850,5000,7,70000,21999,1699,299.0,1199,2023,252.0,263.988,237.86,299.0,323.73,275.3156,2,1.0860263639256185,Mid-Range
Samsung,Galaxy A04 64GB,188.0,4,5MP,50MP + 2MP,Exynos 850,5000,6,50000,14999,1199,199.0,899,2022,180.0,179.988,167.86,199.0,242.73000000000002,193.91559999999998,3,1.02621965432384,Budget
Samsung,Galaxy A04 128GB,188.0,4,5MP,50MP + 2MP,Exynos 850,5000,6,60000,18499,1399,249.0,999,2022,216.0,221.988,195.86,249.0,269.73,230.5156,3,1.0801871977427993,Mid-Range
Samsung,Galaxy M54 128GB,202.0,8,32MP,108MP + 8MP,Exynos 1380,6000,7,95000,23999,2099,349.0,1299,2023,342.0,287.988,293.86,349.0,350.73,324.7156,2,1.0747866748625567,Mid-Range
Samsung,Galaxy M54 256GB,202.0,8,32MP,108MP + 8MP,Exynos 1380,6000,7,105000,26999,2299,399.0,1399,2023,378.0,323.988,321.86,399.0,377.73,360.1156,2,1.1079775494313493,Mid-Range
Samsung,Galaxy M34 128GB,199.0,6,13MP,50MP + 8MP,Exynos 1280,6000,6,70000,17999,1699,299.0,1099,2023,252.0,215.988,237.86,299.0,296.73,260.3156,2,1.148605769304644,Mid-Range
Samsung,Galaxy M34 256GB,199.0,6,13MP,50MP + 8MP,Exynos 1280,6000,6,80000,20999,1999,349.0,1199,2023,288.0,251.988,279.86,349.0,323.73,298.5156,2,1.1691181298397806,Mid-Range
Samsung,Galaxy M14 128GB,202.0,4,13MP,50MP + 2MP,Exynos 850,6000,7,60000,14999,1399,249.0,999,2023,216.0,179.988,195.86,249.0,269.73,222.1156,2,1.1210378739719318,Mid-Range
Samsung,Galaxy M14 256GB,202.0,4,13MP,50MP + 2MP,Exynos 850,6000,7,70000,17999,1599,299.0,1099,2023,252.0,215.988,223.86,299.0,296.73,257.5156,2,1.161094706495451,Mid-Range
Samsung,Galaxy M04 64GB,188.0,4,5MP,13MP + 2MP,MediaTek Helio P35,5000,6,50000,12999,1099,199.0,899,2022,180.0,155.988,153.86,199.0,242.73000000000002,186.3156,3,1.068080182228434,Budget
Samsung,Galaxy M04 128GB,188.0,4,5MP,13MP + 2MP,MediaTek Helio P35,5000,6,60000,15999,1299,249.0,999,2022,216.0,191.988,181.86,249.0,269.73,221.7156,3,1.123060352992753,Mid-Range
Samsung,Galaxy F54 128GB,199.0,8,32MP,108MP + 8MP,Exynos 1380,6000,7,85000,23999,2199,349.0,1299,2023,306.0,287.988,307.86,349.0,350.73,320.3156,2,1.089550430887537,Mid-Range
Samsung,Galaxy F54 256GB,199.0,8,32MP,108MP + 8MP,Exynos 1380,6000,7,95000,26999,2399,399.0,1399,2023,342.0,323.988,335.86,399.0,377.73,355.7156,2,1.1216826026184963,Mid-Range
Samsung,Galaxy F34 128GB,190.0,6,13MP,50MP + 8MP,Exynos 1280,6000,6,70000,18999,1799,299.0,1099,2023,252.0,227.988,251.86,299.0,296.73,265.5156,2,1.1261108575164698,Mid-Range
Samsung,Galaxy F34 256GB,190.0,6,13MP,50MP + 8MP,Exynos 1280,6000,6,80000,21999,1999,349.0,1199,2023,288.0,263.988,279.86,349.0,323.73,300.9156,2,1.1597936431344869,Mid-Range
Samsung,Galaxy F14 128GB,198.0,4,13MP,50MP + 2MP,Exynos 850,6000,7,60000,14999,1399,249.0,999,2023,216.0,179.988,195.86,249.0,269.73,222.1156,2,1.1210378739719318,Mid-Range
Samsung,Galaxy F14 256GB,198.0,4,13MP,50MP + 2MP,Exynos 850,6000,7,70000,17999,1599,299.0,1099,2023,252.0,215.988,223.86,299.0,296.73,257.5156,2,1.161094706495451,Mid-Range
Samsung,Galaxy Note 20 128GB,192.0,8,10MP,108MP + 12MP,Exynos 990,4300,7,150000,77999,6499,999.0,3999,2020,540.0,935.988,909.8600000000001,999.0,1079.73,892.9156,5,1.1188067494844978,Flagship
Samsung,Galaxy Note 20 256GB,192.0,8,10MP,108MP + 12MP,Exynos 990,4300,7,170000,89999,7099,1099.0,4199,2020,612.0,1079.988,993.8600000000001,1099.0,1133.73,983.7156000000001,5,1.117192814671232,Flagship
Samsung,Galaxy Note 10 256GB,168.0,8,10MP,12MP + 16MP,Exynos 9825,3500,6,140000,64999,5699,949.0,3699,2019,504.0,779.988,797.8600000000001,949.0,998.73,805.9156,6,1.1775426607947532,Flagship
Samsung,Galaxy Note 10 128GB,168.0,8,10MP,12MP + 16MP,Exynos 9825,3500,6,120000,59999,5199,899.0,3399,2019,432.0,719.988,727.86,899.0,917.73,739.3156,6,1.21598949082097,Premium
Samsung,Galaxy Xcover 6 Pro 128GB,235.0,6,13MP,50MP,Exynos 1380,4050,7,75000,28999,2299,499.0,1699,2022,270.0,347.988,321.86,499.0,458.73,379.5156,3,1.3148339620294922,Mid-Range
Samsung,Galaxy J8 64GB,191.0,4,16MP,16MP + 5MP,Snapdragon 450,3500,6,45000,18990,1699,199.0,799,2018,162.0,227.88,237.86,199.0,215.73000000000002,208.494,7,0.9544639174268804,Mid-Range
Samsung,Galaxy J7 Pro 64GB,181.0,3,13MP,13MP,Exynos 7870,3600,6,40000,18990,1599,179.0,699,2017,144.0,227.88,223.86,179.0,188.73000000000002,192.69400000000002,8,0.9289339574662417,Budget
OnePlus,OnePlus Nord CE 3 128GB,179.0,8,16MP,50MP + 2MP,Snapdragon 782G,5000,7,85000,22999,2799,399.0,1499,2023,306.0,275.988,391.86,399.0,404.73,355.5156,2,1.1223136199930468,Mid-Range
OnePlus,OnePlus Nord CE 3 Lite 128GB,195.0,8,16MP,108MP,Snapdragon 695,5000,7,59999,17999,2099,299.0,1199,2023,215.9964,215.988,293.86,299.0,323.73,269.71488,2,1.1085780658449398,Mid-Range
OnePlus,OnePlus Nord N30 5G 128GB,192.0,8,16MP,64MP + 2MP,MediaTek Dimensity 6020,5000,7,55000,16999,1999,249.0,999,2023,198.0,203.988,279.86,249.0,269.73,240.1156,2,1.0370005114203324,Mid-Range
OnePlus,OnePlus 9 128GB,183.0,8,16MP,48MP + 50MP,Snapdragon 888,4500,7,149999,39999,3699,599.0,2299,2021,539.9964,479.988,517.86,599.0,620.73,551.51488,4,1.0860994357940081,Premium
OnePlus,OnePlus Nord 2T 128GB,190.0,8,32MP,50MP + 8MP,MediaTek Dimensity 1300,4500,6,69999,28999,2499,399.0,1699,2022,251.9964,347.988,349.86,399.0,458.73,361.51488,3,1.1036890099793402,Mid-Range
OnePlus,OnePlus Nord 2 128GB,190.0,8,32MP,50MP + 8MP,MediaTek Dimensity 1200-AI,4500,6,59999,27999,2299,349.0,1499,2021,215.9964,335.988,321.86,349.0,404.73,325.51488,4,1.0721476081216317,Mid-Range
OnePlus,OnePlus Nord N200 64GB,189.0,4,16MP,13MP + 2MP,Snapdragon 480,5000,6,39999,15999,1199,199.0,799,2021,143.9964,191.988,167.86,199.0,215.73000000000002,183.71488,4,1.0832002285280322,Budget
OnePlus,OnePlus Nord N100 64GB,185.0,4,8MP,13MP + 2MP,Qualcomm Snapdragon 460,5000,7,29999,12999,1099,179.0,699,2020,107.9964,155.988,153.86,179.0,188.73000000000002,157.11488,5,1.139293744806348,Budget
OnePlus,OnePlus 9T 128GB,192.0,8,16MP,48MP + 50MP,Snapdragon 888,4500,7,159999,49999,4199,649.0,2799,2021,575.9964,599.988,587.86,649.0,755.73,633.71488,4,1.0241198691752353,Premium
OnePlus,OnePlus 9R 5G 128GB,189.0,8,16MP,48MP + 5MP,Snapdragon 870,4500,7,159999,39999,3499,599.0,2499,2021,575.9964,479.988,489.86000000000007,599.0,674.73,563.91488,4,1.0622170494951293,Premium
OnePlus,OnePlus 8 128GB,180.0,8,16MP,48MP + 16MP,Snapdragon 865,4300,7,119999,41999,3499,699.0,2499,2020,431.9964,503.988,489.86000000000007,699.0,674.73,559.91488,5,1.2484040431288412,Premium
OnePlus,OnePlus Nord CE 2 Lite 128GB,195.0,6,16MP,64MP + 2MP,MediaTek Dimensity 900,5000,7,49999,19999,1799,249.0,999,2022,179.9964,239.988,251.86,249.0,269.73,238.11488,3,1.0457137327998989,Mid-Range
OnePlus,OnePlus Nord CE 2 128GB,173.0,8,16MP,64MP + 8MP,MediaTek Dimensity 1200,4500,6,64999,23999,2499,299.0,1299,2022,233.9964,287.988,349.86,299.0,350.73,304.31488,3,0.9825349322386076,Mid-Range
OnePlus,OnePlus Nord 1 128GB,184.0,6,16MP,48MP + 5MP,Snapdragon 765G,4115,6,49999,22999,2099,349.0,1499,2020,179.9964,275.988,293.86,349.0,404.73,300.71488,5,1.1605677776902825,Mid-Range
OnePlus,OnePlus Nord CE 5G 128GB,170.0,6,16MP,64MP + 8MP,Snapdragon 750G,4500,6,54999,24999,2499,299.0,1499,2021,197.9964,299.988,349.86,299.0,404.73,310.31488,4,0.9635374236646338,Mid-Range
OnePlus,OnePlus Nord 2 5G 128GB,189.0,8,32MP,50MP + 8MP,MediaTek Dimensity 1200-AI,4500,6,69999,27999,2499,399.0,1699,2021,251.9964,335.988,349.86,399.0,458.73,359.11487999999997,4,1.1110650719903337,Mid-Range
OnePlus,OnePlus Nord N100 5G 64GB,185.0,4,8MP,13MP + 2MP,Qualcomm Snapdragon 460,5000,7,29999,12999,1099,179.0,699,2020,107.9964,155.988,153.86,179.0,188.73000000000002,157.11488,5,1.139293744806348,Budget
OnePlus,OnePlus Nord N10 5G 128GB,190.0,6,16MP,64MP + 8MP,Qualcomm Snapdragon 690,4300,6,49999,19999,1799,299.0,1099,2020,179.9964,239.988,251.86,299.0,296.73,253.51488,5,1.1794179497471706,Mid-Range
OnePlus,OnePlus 8R 128GB,192.0,8,16MP,48MP + 5MP,Snapdragon 865,4300,7,119999,41999,3499,649.0,2499,2020,431.9964,503.988,489.86000000000007,649.0,674.73,549.91488,5,1.1801826493583878,Premium
OnePlus,OnePlus 7R 128GB,190.0,6,16MP,48MP + 5MP,Snapdragon 855,3700,6,109999,38999,3199,599.0,2399,2020,395.9964,467.988,447.86000000000007,599.0,647.73,511.71488,5,1.1705737382504882,Premium
OnePlus,OnePlus 6T McLaren Edition 256GB,185.0,10,16MP,20MP + 16MP,Snapdragon 845,3700,6,149999,50999,4699,799.0,3299,2018,539.9964,611.988,657.86,799.0,890.73,699.91488,7,1.1415673860227118,Premium
OnePlus,OnePlus 13R 128GB,210.0,8,16MP,50MP + 8MP,Snapdragon 8 Gen 2,4500,7,219999,74999,6499,849.0,3599,2023,791.9964,899.988,909.8600000000001,849.0,971.73,884.5148800000001,2,0.9598481825427289,Flagship
OnePlus,OnePlus 10R 128GB,205.0,8,16MP,50MP + 16MP,MediaTek Dimensity 8100,4500,7,169999,49999,3899,599.0,2499,2022,611.9964,599.988,545.86,599.0,674.73,606.31488,3,0.9879355096810423,Premium
OnePlus,OnePlus Nord X 128GB,190.0,8,32MP,64MP + 8MP,Snapdragon 765G,4000,6,69999,24999,2499,299.0,1299,2020,251.9964,299.988,349.86,299.0,350.73,310.31488,5,0.9635374236646338,Mid-Range
OnePlus,OnePlus 14+ 128GB,202.0,8,16MP,64MP + 8MP,Snapdragon 8 Gen 2,4800,7,199999,69999,5999,799.0,3499,2023,719.9964,839.988,839.8600000000001,799.0,944.73,828.7148800000001,2,0.964143421679601,Flagship
Vivo,V40e 128GB,179.0,8,44MP,64MP,Snapdragon 778G,4100,6,79999,44999,2999,449.0,1649,2024,287.9964,539.988,419.86,449.0,445.23,428.41488,1,1.0480494981873645,Mid-Range
Vivo,T3 5G 128GB,180.0,8,16MP,50MP,Snapdragon 870,5000,7,59999,34999,2299,349.0,1299,2024,215.9964,419.988,321.86,349.0,350.73,331.51488,1,1.052743092557414,Mid-Range
Vivo,Y100 5G 128GB,181.0,8,16MP,64MP,Dimensity 900,4500,6,54999,29999,1999,299.0,1099,2024,197.9964,359.988,279.86,299.0,296.73,286.71488,1,1.0428478633547027,Mid-Range
Vivo,X9 Plus 128GB,199.0,6,20MP+8MP,16MP,Snapdragon 653,4000,6,42999,24999,2199,299.0,1099,2017,154.7964,299.988,307.86,299.0,296.73,271.67488000000003,8,1.1005802229488422,Mid-Range
Vivo,Y95 64GB,163.0,4,20MP,13MP+2MP,Snapdragon 439,4030,6,29999,16999,1299,199.0,699,2018,107.9964,203.988,181.86,199.0,188.73000000000002,176.31488,7,1.128662538295123,Budget
Vivo,V19 128GB,176.0,8,32MP,48MP,Qualcomm Snapdragon 712,4500,6,49999,27990,2799,399.0,1499,2020,179.9964,335.88,391.86,399.0,404.73,342.29328,5,1.1656670560403641,Mid-Range
Vivo,V19 256GB,176.0,8,32MP,48MP,Qualcomm Snapdragon 712,4500,6,54999,31990,3199,429.0,1599,2020,197.9964,383.88,447.86000000000007,429.0,431.73,378.09328,5,1.1346406368290916,Mid-Range
Vivo,V17 Pro 128GB,201.0,8,32MP,48MP,Qualcomm Snapdragon 675,4100,6,54999,27990,2999,399.0,1499,2019,197.9964,335.88,419.86,399.0,404.73,351.49328,6,1.1351568371378251,Mid-Range
Vivo,V17 Pro 256GB,201.0,8,32MP,48MP,Qualcomm Snapdragon 675,4100,6,59999,33990,3199,429.0,1599,2019,215.9964,407.88,447.86000000000007,429.0,431.73,386.49328,6,1.1099804891821146,Mid-Range
Vivo,Y12s 64GB,191.0,3,8MP,13MP,MediaTek Helio P35,5000,7,18999,10990,899,159.0,599,2020,68.3964,131.88,125.86000000000001,159.0,161.73000000000002,129.37328,5,1.2290018464400068,Budget
Vivo,Y12s 128GB,191.0,4,8MP,13MP,MediaTek Helio P35,5000,7,22999,13990,1099,179.0,699,2020,82.79639999999999,167.88,153.86,179.0,188.73000000000002,154.45328,5,1.15892650515418,Budget
Vivo,S1 Pro 128GB,185.0,6,32MP,48MP,MediaTek Helio P65,4500,6,39999,19990,2299,249.0,999,2019,143.9964,239.88,321.86,249.0,269.73,244.89328,6,1.01676942707452,Mid-Range
Vivo,S1 Pro 256GB,185.0,6,32MP,48MP,MediaTek Helio P65,4500,6,44999,24990,2499,269.0,1099,2019,161.9964,299.88,349.86,269.0,296.73,275.49328,6,0.9764303506786081,Mid-Range
Vivo,Y11 32GB,190.0,3,8MP,13MP,Qualcomm Snapdragon 439,5000,6,18499,10999,899,149.0,599,2019,66.5964,131.988,125.86000000000001,149.0,161.73000000000002,127.03488000000002,6,1.17290621284485,Budget
Vivo,Y11 64GB,190.0,3,8MP,13MP,Qualcomm Snapdragon 439,5000,6,22499,13490,1099,169.0,649,2019,80.9964,161.88,153.86,169.0,175.23000000000002,148.19328000000002,6,1.140402587755666,Budget
Vivo,V15 128GB,190.0,6,32MP,48MP,MediaTek Helio P70,4000,7,34999,22990,2199,299.0,1099,2019,125.9964,275.88,307.86,299.0,296.73,261.09328,6,1.1451845869031942,Mid-Range
Vivo,V15 256GB,190.0,6,32MP,48MP,MediaTek Helio P70,4000,7,39999,26990,2399,319.0,1199,2019,143.9964,323.88,335.86,319.0,323.73,289.29328,6,1.1026872107088006,Mid-Range
Vivo,X27 Pro 128GB,190.0,8,32MP,48MP,Qualcomm Snapdragon 710,4000,6,59999,35990,3499,499.0,1799,2019,215.9964,431.88,489.86000000000007,499.0,485.73,424.49328,6,1.1755191978539683,Mid-Range
Vivo,X27 Pro 256GB,190.0,8,32MP,48MP,Qualcomm Snapdragon 710,4000,6,64999,39990,3799,549.0,1999,2019,233.9964,479.88,531.86,549.0,539.73,466.89328000000006,6,1.175857574990156,Mid-Range
Vivo,Y30 128GB,193.0,4,8MP,13MP,MediaTek Helio P35,5000,6,24999,14990,1499,199.0,749,2020,89.9964,179.88,209.86,199.0,202.23000000000002,176.19328000000002,5,1.129441486077108,Budget
Vivo,Y30 64GB,193.0,3,8MP,13MP,MediaTek Helio P35,5000,6,19999,11990,1299,169.0,649,2020,71.9964,143.88,181.86,169.0,175.23000000000002,148.39328,5,1.138865587444391,Budget
Vivo,Z1 Pro 64GB,159.0,4,16MP,16MP,Qualcomm Snapdragon 712,4500,7,29999,18990,1799,249.0,899,2019,107.9964,227.88,251.86,249.0,242.73000000000002,215.89328,6,1.1533476169336998,Mid-Range
Vivo,Z1 Pro 128GB,159.0,6,16MP,16MP,Qualcomm Snapdragon 712,4500,7,34999,22990,2099,299.0,999,2019,125.9964,275.88,293.86,299.0,269.73,252.89328,6,1.1823169045852069,Mid-Range
Vivo,V23e 128GB,172.0,8,50MP,64MP,MediaTek Helio G96,4050,6,39999,20999,1799,299.0,1099,2021,143.9964,251.988,251.86,299.0,296.73,248.71488,4,1.2021797811212582,Mid-Range
Vivo,V23e 256GB,172.0,8,50MP,64MP,MediaTek Helio G96,4050,6,44999,24999,1999,349.0,1199,2021,161.9964,299.988,279.86,349.0,323.73,282.91488,4,1.2335865826498769,Mid-Range
Vivo,Y33s 128GB,182.0,8,16MP,50MP,MediaTek Helio G80,5000,7,34999,17999,1699,239.0,899,2021,125.9964,215.988,237.86,239.0,242.73000000000002,212.31488,4,1.1256865274822,Mid-Range
Vivo,Y33s 64GB,182.0,4,16MP,50MP,MediaTek Helio G80,5000,7,29999,14999,1299,179.0,799,2021,107.9964,179.988,181.86,179.0,215.73000000000002,172.91487999999998,4,1.035191419038084,Budget
Vivo,V20 Pro 128GB,173.0,8,44MP,64MP,Qualcomm Snapdragon 765G,4000,6,49999,25999,2699,499.0,1499,2020,179.9964,311.988,377.86,499.0,404.73,354.71488,5,1.4067636519787385,Mid-Range
Vivo,V20 Pro 256GB,173.0,8,44MP,64MP,Qualcomm Snapdragon 765G,4000,6,54999,29999,2999,549.0,1699,2020,197.9964,359.988,419.86,549.0,458.73,397.11487999999997,5,1.3824714903657098,Mid-Range
Vivo,Y75 5G 128GB,179.0,8,16MP,50MP,MediaTek Dimensity 700,5000,7,54999,21999,2199,349.0,1299,2021,197.9964,263.988,307.86,349.0,350.73,293.91488,4,1.1874186158931457,Mid-Range
Vivo,Y75 5G 256GB,179.0,8,16MP,50MP,MediaTek Dimensity 700,5000,7,59999,25999,2499,399.0,1499,2021,215.9964,311.988,349.86,399.0,404.73,336.31488,4,1.1863881847868283,Mid-Range
Vivo,Y53s 128GB,190.0,6,16MP,64MP,MediaTek Helio G80,5000,7,34999,16999,1699,229.0,899,2021,125.9964,203.988,237.86,229.0,242.73000000000002,207.91487999999998,4,1.101412270252134,Mid-Range
Vivo,Y53s 64GB,190.0,6,16MP,64MP,MediaTek Helio G80,5000,7,29999,13999,1299,179.0,799,2021,107.9964,167.988,181.86,179.0,215.73000000000002,170.51488,4,1.0497617568625095,Budget
Vivo,V15 Pro 128GB,185.0,6,32MP,48MP,Qualcomm Snapdragon 675,3700,6,44999,25999,2499,399.0,1499,2019,161.9964,311.988,349.86,399.0,404.73,325.51488,6,1.225750417308112,Mid-Range
Vivo,V15 Pro 256GB,185.0,6,32MP,48MP,Qualcomm Snapdragon 675,3700,6,49999,29999,2799,449.0,1699,2019,179.9964,359.988,391.86,449.0,458.73,367.91488,6,1.2203909773912922,Mid-Range
Vivo,X70 Pro 128GB,185.0,8,32MP,50MP,MediaTek Dimensity 1200,4450,7,99999,39999,4299,749.0,2099,2021,359.9964,479.988,601.86,749.0,566.73,551.51488,4,1.3580775916689682,Premium
Vivo,X70 Pro 256GB,185.0,8,32MP,50MP,MediaTek Dimensity 1200,4450,7,109999,44999,4699,799.0,2299,2021,395.9964,539.988,657.86,799.0,620.73,602.71488,4,1.3256682828205602,Premium
Vivo,T1 5G 128GB,181.0,6,16MP,50MP,Qualcomm Snapdragon 695,5000,7,39999,17999,1799,269.0,999,2022,143.9964,215.988,251.86,269.0,269.73,230.11488,3,1.1689813366262973,Mid-Range
Vivo,T1 5G 256GB,181.0,8,16MP,50MP,Qualcomm Snapdragon 695,5000,7,44999,21999,1999,319.0,1099,2022,161.9964,263.988,279.86,319.0,296.73,264.31488,3,1.2068938381373004,Mid-Range
Vivo,X30 Pro 128GB,199.0,8,32MP,64MP,Qualcomm Snapdragon 855,4200,6,109999,47999,4599,899.0,2299,2019,395.9964,575.988,643.86,899.0,620.73,627.11488,6,1.433549144934976,Premium
Vivo,X30 Pro 256GB,199.0,8,32MP,64MP,Qualcomm Snapdragon 855,4200,6,119999,54999,5199,949.0,2499,2019,431.9964,659.988,727.86,949.0,674.73,688.71488,6,1.377928701061316,Premium
Vivo,V27 128GB,182.0,8,50MP,50MP,MediaTek Dimensity 8200,4600,7,79999,29999,2999,599.0,1699,2023,287.9964,359.988,419.86,599.0,458.73,425.11487999999997,2,1.4090308953664479,Mid-Range
Vivo,V27 256GB,182.0,8,50MP,50MP,MediaTek Dimensity 8200,4600,7,84999,32999,3199,649.0,1899,2023,305.9964,395.988,447.86000000000007,649.0,512.73,462.31488,2,1.4038051295255736,Mid-Range
Vivo,V27 Pro 128GB,182.0,8,50MP,50MP,MediaTek Dimensity 8200,4600,7,89999,34999,3299,699.0,1899,2023,323.9964,419.988,461.86000000000007,699.0,512.73,483.51488,2,1.4456638852562305,Mid-Range
Vivo,V27 Pro 256GB,182.0,8,50MP,50MP,MediaTek Dimensity 8200,4600,7,94999,37999,3499,749.0,2099,2023,341.9964,455.988,489.86000000000007,749.0,566.73,520.71488,2,1.4384071375106469,Premium
Vivo,V25 Pro 128GB,190.0,8,32MP,64MP,MediaTek Dimensity 1300,4830,7,79999,25999,2799,599.0,1599,2022,287.9964,311.988,391.86,599.0,431.73,404.51488,3,1.4807860714542813,Mid-Range
Vivo,V25 Pro 256GB,190.0,8,32MP,64MP,MediaTek Dimensity 1300,4830,7,85999,29999,2999,649.0,1799,2022,309.5964,359.988,419.86,649.0,485.73,444.83488,3,1.45896832550541,Mid-Range
Vivo,Y100 128GB,190.0,8,16MP,64MP,MediaTek Dimensity 900,4500,6,59999,19999,1999,399.0,1199,2023,215.9964,239.988,279.86,399.0,323.73,291.71488,2,1.3677739030658977,Mid-Range
Vivo,Y100 256GB,190.0,8,16MP,64MP,MediaTek Dimensity 900,4500,6,64999,22999,2199,449.0,1399,2023,233.9964,275.988,307.86,449.0,377.73,328.91488,2,1.365094823317206,Mid-Range
Vivo,T2 Series 128GB,190.0,8,16MP,64MP,Qualcomm Snapdragon 695,4500,6,49999,15999,1699,299.0,999,2023,179.9964,191.988,237.86,299.0,269.73,235.71488,2,1.268481650373536,Mid-Range
Vivo,T2 Series 256GB,190.0,8,16MP,64MP,Qualcomm Snapdragon 695,4500,6,54999,18999,1799,349.0,1099,2023,197.9964,227.988,251.86,349.0,296.73,264.71488,2,1.3183996305761128,Mid-Range
Vivo,V23 5G 128GB,179.0,8,50MP,64MP,MediaTek Dimensity 920,4200,6,69999,27999,2799,499.0,1499,2022,251.9964,335.988,391.86,499.0,404.73,376.71488,3,1.3246092110829284,Mid-Range
Vivo,V23 5G 256GB,179.0,8,50MP,64MP,MediaTek Dimensity 920,4200,6,74999,32999,3199,549.0,1699,2022,269.9964,395.988,447.86000000000007,549.0,458.73,424.31488,3,1.2938504537007987,Mid-Range
Vivo,Y21 128GB,182.0,4,8MP,13MP,MediaTek Helio P35,5000,7,29999,12999,1299,199.0,699,2021,107.9964,155.988,181.86,199.0,188.73000000000002,166.71488,4,1.193654699568509,Budget
Vivo,Y21 64GB,182.0,4,8MP,13MP,MediaTek Helio P35,5000,7,26999,9999,1099,179.0,599,2021,97.1964,119.988,153.86,179.0,161.73000000000002,142.35488,4,1.2574208906642328,Budget
Oppo,Find X8 256GB,195.0,8,32MP,50MP + 50MP,Snapdragon 8 Gen 2,4800,7,199999,119999,7499,1099.0,4099,2024,719.9964,1439.988,1049.8600000000001,1099.0,1106.73,1083.11488,1,1.0146661451091872,Flagship
Oppo,Reno13 F 4G 256GB,192.0,8,32MP,50MP + 8MP + 2MP,MediaTek Helio G100,5800,7,79999,44999,3499,499.0,1899,2025,287.9964,539.988,489.86000000000007,499.0,512.73,465.9148800000001,0,1.0710110825393684,Mid-Range
Oppo,Reno13 F 256GB,192.0,8,32MP,50MP + 8MP + 2MP,MediaTek Helio G100,5800,7,79999,44999,3499,499.0,1899,2025,287.9964,539.988,489.86000000000007,499.0,512.73,465.9148800000001,0,1.0710110825393684,Mid-Range
Oppo,Reno12 F 4G 256GB,187.0,8,32MP,50MP + 8MP + 2MP,Snapdragon 685,5000,7,69999,39999,3199,449.0,1699,2024,251.9964,479.988,447.86000000000007,449.0,458.73,417.51488,1,1.0754107733836935,Mid-Range
Oppo,Reno12 F 256GB,187.0,8,32MP,50MP + 8MP + 2MP,Snapdragon 685,5000,7,69999,39999,3199,449.0,1699,2024,251.9964,479.988,447.86000000000007,449.0,458.73,417.51488,1,1.0754107733836935,Mid-Range
Oppo,Reno12 256GB,185.0,8,32MP,50MP + 8MP,MediaTek Dimensity 7050,5000,7,89999,49999,3999,599.0,2199,2024,323.9964,599.988,559.86,599.0,593.73,535.31488,1,1.118967587824198,Premium
Oppo,Reno11 F 256GB,185.0,8,32MP,64MP + 8MP + 2MP,MediaTek Dimensity 7050,5000,7,79999,44999,3499,499.0,1899,2024,287.9964,539.988,489.86000000000007,499.0,512.73,465.9148800000001,1,1.0710110825393684,Mid-Range
Oppo,A5 Pro 256GB,180.0,8,16MP,50MP + 2MP,Dimensity 7300,6000,7,89999,49999,3999,599.0,2199,2024,323.9964,599.988,559.86,599.0,593.73,535.31488,1,1.118967587824198,Premium
Oppo,A80 256GB,186.0,8,8MP,50MP + 2MP,Dimensity 6300,5100,7,79999,44999,3499,499.0,1899,2024,287.9964,539.988,489.86000000000007,499.0,512.73,465.9148800000001,1,1.0710110825393684,Mid-Range
Oppo,A3 4G 128GB,186.0,4,5MP,50MP,Snapdragon 6s 4G Gen 1,5000,7,59999,34999,2999,399.0,1499,2024,215.9964,419.988,419.86,399.0,404.73,371.91488,1,1.0728261262361969,Mid-Range
Oppo,A3x 4G 128GB,186.0,4,8MP,8MP + 2MP,Snapdragon 6s 4G Gen 1,5100,7,64999,36999,3199,449.0,1699,2024,233.9964,443.988,447.86000000000007,449.0,458.73,406.71488,1,1.1039674771672972,Mid-Range
Oppo,A3x 4G 256GB,186.0,6,8MP,8MP + 2MP,Snapdragon 6s 4G Gen 1,5100,7,69999,39999,3499,499.0,1899,2024,251.9964,479.988,489.86000000000007,499.0,512.73,446.71488,1,1.117043605084299,Mid-Range
Oppo,A3 128GB,186.0,4,5MP,50MP,Snapdragon 6s 4G Gen 1,5000,7,59999,34999,2999,399.0,1499,2024,215.9964,419.988,419.86,399.0,404.73,371.91488,1,1.0728261262361969,Mid-Range
Oppo,A3x 128GB,186.0,4,8MP,8MP + 2MP,Snapdragon 6s 4G Gen 1,5100,7,64999,36999,3199,449.0,1699,2024,233.9964,443.988,447.86000000000007,449.0,458.73,406.71488,1,1.1039674771672972,Mid-Range
Oppo,A3x 256GB,186.0,6,8MP,8MP + 2MP,Snapdragon 6s 4G Gen 1,5100,7,69999,39999,3499,499.0,1899,2024,251.9964,479.988,489.86000000000007,499.0,512.73,446.71488,1,1.117043605084299,Mid-Range
Oppo,A60 128GB,186.0,8,8MP,50MP + 2MP,Snapdragon 680 4G,5000,7,69999,39999,3199,449.0,1699,2024,251.9964,479.988,447.86000000000007,449.0,458.73,417.51488,1,1.0754107733836935,Mid-Range
Oppo,A60 256GB,186.0,8,8MP,50MP + 2MP,Snapdragon 680 4G,5000,7,74999,42999,3499,499.0,1899,2024,269.9964,515.988,489.86000000000007,499.0,512.73,457.51488000000006,1,1.0906749087592515,Mid-Range
Oppo,F27 128GB,175.0,8,32MP,64MP + 2MP,Dimensity 7050,5000,7,79999,44999,3499,499.0,1899,2024,287.9964,539.988,489.86000000000007,499.0,512.73,465.9148800000001,1,1.0710110825393684,Mid-Range
Oppo,F27 256GB,175.0,8,32MP,64MP + 2MP,Dimensity 7050,5000,7,84999,47999,3799,549.0,2099,2024,305.9964,575.988,531.86,549.0,566.73,505.91488,1,1.0851627846961134,Premium
Oppo,F27 Pro+ 256GB,177.0,8,32MP,64MP + 2MP,Dimensity 7050,5000,7,89999,49999,3999,599.0,2199,2024,323.9964,599.988,559.86,599.0,593.73,535.31488,1,1.118967587824198,Premium
Oppo,F25 Pro 128GB,173.0,8,32MP,64MP + 2MP,Snapdragon 778G,4500,7,74999,42999,3499,549.0,1999,2023,269.9964,515.988,489.86000000000007,549.0,539.73,472.9148800000001,2,1.1608854430632418,Mid-Range
Oppo,F25 Pro 256GB,173.0,8,32MP,64MP + 2MP,Snapdragon 778G,4500,7,79999,44999,3799,599.0,2199,2023,287.9964,539.988,531.86,599.0,593.73,510.51488,2,1.1733252515577999,Premium
Oppo,Find X5 256GB,196.0,8,32MP,50MP + 50MP + 13MP,Snapdragon 888,4800,7,139999,79999,4999,799.0,2999,2022,503.9964,959.988,699.86,799.0,809.73,754.51488,3,1.058958572162288,Premium
Oppo,Find N2 Flip 256GB,191.0,8,32MP,50MP + 8MP,Dimensity 9000+,4300,7,149999,84999,5999,899.0,3299,2023,539.9964,1019.988,839.8600000000001,899.0,890.73,837.91488,2,1.0729013429144496,Flagship
Oppo,Reno10 5G 128GB,180.0,8,32MP,64MP + 32MP + 8MP,Dimensity 7050,5000,7,129999,38999,2699,499.0,1899,2023,467.9964,467.988,377.86,499.0,512.73,465.11487999999997,2,1.0728532271425073,Mid-Range
Oppo,Reno10 5G 256GB,180.0,8,32MP,64MP + 32MP + 8MP,Dimensity 7050,5000,7,149999,42999,2999,549.0,2099,2023,539.9964,515.988,419.86,549.0,566.73,518.31488,2,1.0592016960809614,Premium
Oppo,Reno9 5G 128GB,174.0,8,32MP,64MP + 2MP,Snapdragon 778G,4500,7,109999,32999,2399,449.0,1699,2022,395.9964,395.988,335.86,449.0,458.73,407.11487999999997,3,1.1028828030063653,Mid-Range
Oppo,Reno8 5G 128GB,179.0,8,32MP,50MP + 8MP + 2MP,Dimensity 1300,4500,6,89999,29999,2199,399.0,1499,2022,323.9964,359.988,307.86,399.0,404.73,359.11487999999997,3,1.1110650719903337,Mid-Range
Oppo,Reno7 5G 128GB,173.0,8,32MP,64MP + 8MP + 2MP,Dimensity 900,4500,6,79999,28999,1999,349.0,1299,2021,287.9964,347.988,279.86,349.0,350.73,323.11487999999997,4,1.080111197602537,Mid-Range
Oppo,Reno6 5G 128GB,182.0,8,32MP,64MP + 8MP + 2MP,Dimensity 900,4300,6,79999,29999,2399,349.0,1299,2021,287.9964,359.988,335.86,349.0,350.73,336.71488,4,1.036485230471549,Mid-Range
Oppo,Reno6 Pro 5G 128GB,177.0,8,32MP,64MP + 8MP + 2MP + 2MP,Dimensity 1200,4500,7,99999,39999,2999,449.0,1699,2021,359.9964,479.988,419.86,449.0,458.73,433.51488,4,1.0357199273067628,Mid-Range
Oppo,Reno5 5G 128GB,180.0,8,32MP,64MP + 8MP + 2MP + 2MP,Snapdragon 765G,4300,6,69999,26999,2099,299.0,1099,2020,251.9964,323.988,293.86,299.0,296.73,293.11487999999997,5,1.0200778616220372,Mid-Range
Oppo,Reno5 Pro 5G 128GB,173.0,8,32MP,64MP + 8MP + 2MP + 2MP,Dimensity 1000+,4350,7,89999,32999,2799,399.0,1499,2020,323.9964,395.988,391.86,399.0,404.73,383.11487999999997,5,1.0414630723818403,Mid-Range
Oppo,Reno4 5G 128GB,183.0,8,32MP,48MP + 8MP + 2MP + 2MP,Snapdragon 765G,4000,6,59999,24999,1899,299.0,999,2020,215.9964,299.988,265.86,299.0,269.73,270.11487999999997,5,1.106936426456773,Mid-Range
Oppo,Reno4 5G 256GB,183.0,8,32MP,48MP + 8MP + 2MP + 2MP,Snapdragon 765G,4000,6,69999,26999,2199,349.0,1199,2020,251.9964,323.988,307.86,349.0,323.73,311.31488,5,1.1210514576110207,Mid-Range
Oppo,Reno3 5G 128GB,181.0,8,32MP,64MP + 8MP + 2MP + 2MP,Dimensity 1000L,4025,6,49999,22999,1799,249.0,899,2019,179.9964,275.988,251.86,249.0,242.73000000000002,239.91487999999998,6,1.0378680972184802,Mid-Range
Oppo,A59 5G 128GB,186.0,6,8MP,13MP + 2MP,MediaTek Dimensity 6020,5000,7,39999,14999,1699,199.0,1000,2023,143.9964,179.988,237.86,199.0,270.0,206.16888,2,0.9652281178420332,Mid-Range
Oppo,A59 5G 256GB,186.0,8,8MP,13MP + 2MP,MediaTek Dimensity 6020,5000,7,44999,16999,1899,229.0,1200,2023,161.9964,203.988,265.86,229.0,324.0,236.96887999999998,2,0.9663716180791335,Mid-Range
Oppo,A58 5G 256GB,188.0,8,8MP,50MP + 2MP,MediaTek Dimensity 700,5000,7,49999,19000,1699,249.0,1300,2022,179.9964,228.0,237.86,249.0,351.0,249.17128000000002,3,0.9993126013559829,Mid-Range
Oppo,A57 5G 128GB,186.0,6,8MP,13MP + 2MP,MediaTek Dimensity 810,5000,7,34999,15999,1599,219.0,1100,2022,125.9964,191.988,223.86,219.0,297.0,211.56887999999998,3,1.0351238802228382,Mid-Range
Oppo,A56 5G 128GB,189.0,6,8MP,13MP + 2MP,MediaTek Dimensity 700,5000,6,32999,14999,1499,199.0,1000,2021,118.79639999999999,179.988,209.86,199.0,270.0,195.52888000000002,4,1.0177524670524374,Budget
Oppo,A55 5G 128GB,186.0,6,8MP,13MP + 2MP + 2MP,MediaTek Dimensity 700,5000,6,29999,13999,1399,189.0,950,2021,107.9964,167.988,195.86,189.0,256.5,183.46887999999998,4,1.0301474560699342,Budget
Oppo,A54 5G 128GB,190.0,6,16MP,48MP + 8MP + 2MP + 2MP,Qualcomm Snapdragon 480,5000,6,34999,15999,1599,219.0,1100,2021,125.9964,191.988,223.86,219.0,297.0,211.56887999999998,4,1.0351238802228382,Mid-Range
Oppo,A53 5G 128GB,175.0,4,8MP,16MP + 2MP + 2MP,MediaTek Dimensity 720,4040,6,27999,12999,1299,179.0,900,2020,100.79639999999999,155.988,181.86,179.0,243.00000000000003,172.12888,5,1.0399184610972894,Budget
Oppo,A52 5G 128GB,184.0,4,8MP,12MP + 8MP + 2MP + 2MP,MediaTek Dimensity 720,4000,6,25999,11999,1199,169.0,850,2020,93.5964,143.988,167.86,169.0,229.50000000000003,160.78888,5,1.0510677106526272,Budget
Oppo,A51 5G 128GB,186.0,4,8MP,13MP + 2MP + 2MP,MediaTek Dimensity 700,4000,6,23999,10999,1099,149.0,800,2020,86.3964,131.988,153.86,149.0,216.0,147.44888,5,1.0105197136797512,Budget
Oppo,A50 5G 128GB,185.0,4,8MP,13MP + 2MP,MediaTek Dimensity 700,4000,6,21999,9999,999,139.0,750,2020,79.1964,119.988,139.86,139.0,202.5,136.10888,5,1.0212412298154243,Budget
Oppo,A49 5G 128GB,185.0,4,8MP,13MP + 2MP,MediaTek Dimensity 700,4000,6,19999,8999,899,129.0,700,2020,71.9964,107.988,125.86000000000001,129.0,189.0,124.76888,5,1.033911661305287,Budget
Oppo,A40 128GB,186.0,4,5MP,50MP,Qualcomm Snapdragon 6s Gen 1,5100,7,39999,19999,1499,199.0,1000,2024,143.9964,239.988,209.86,199.0,270.0,212.56887999999998,1,0.9361671379178365,Mid-Range
Oppo,A40 256GB,186.0,6,5MP,50MP,Qualcomm Snapdragon 6s Gen 1,5100,7,44999,22999,1799,229.0,1200,2024,161.9964,275.988,251.86,229.0,324.0,248.56887999999998,1,0.9212738135200191,Mid-Range
Oppo,K11x 128GB,195.0,8,16MP,108MP + 2MP,Qualcomm Snapdragon 695,5000,7,59999,18000,1499,199.0,1000,2023,215.9964,216.0,209.86,199.0,270.0,222.17128000000002,2,0.8957053314901907,Mid-Range
Oppo,K10x 128GB,195.0,6,16MP,64MP + 2MP + 2MP,Qualcomm Snapdragon 695,5000,7,54999,16990,1499,199.0,1000,2022,197.9964,203.88,209.86,199.0,270.0,216.14728,3,0.9206685367495719,Mid-Range
Oppo,K10x 256GB,195.0,8,16MP,64MP + 2MP + 2MP,Qualcomm Snapdragon 695,5000,7,59999,18990,1699,229.0,1200,2022,215.9964,227.88,237.86,229.0,324.0,246.94728,3,0.9273234351882718,Mid-Range
Oppo,K10 5G 128GB,205.0,8,16MP,64MP + 8MP + 2MP,MediaTek Dimensity 8000-Max,5000,7,64999,19999,1799,249.0,1300,2022,233.9964,239.988,251.86,249.0,351.0,265.16888,3,0.9390242173214293,Mid-Range
Oppo,K9x 128GB,194.0,6,16MP,64MP + 2MP + 2MP,MediaTek Dimensity 810,5000,6,49999,15999,1499,199.0,1000,2021,179.9964,191.988,209.86,199.0,270.0,210.16888,4,0.9468575937598374,Mid-Range
Oppo,K9x 256GB,194.0,8,16MP,64MP + 2MP + 2MP,MediaTek Dimensity 810,5000,6,54999,17999,1699,229.0,1200,2021,197.9964,215.988,237.86,229.0,324.0,240.96887999999998,4,0.9503301837150092,Mid-Range
Oppo,K9 Pro 5G 128GB,180.0,8,16MP,64MP + 8MP + 2MP,MediaTek Dimensity 1200,4500,6,69999,24999,2199,299.0,1500,2021,251.9964,299.988,307.86,299.0,405.0,312.76887999999997,4,0.9559774616963173,Mid-Range
Oppo,K9 5G 128GB,172.0,8,32MP,64MP + 8MP + 2MP,Qualcomm Snapdragon 768G,4300,6,59999,22999,1999,279.0,1400,2021,215.9964,275.988,279.86,279.0,378.0,285.76887999999997,4,0.9763134460267333,Mid-Range
Oppo,K9 5G 256GB,172.0,8,32MP,64MP + 8MP + 2MP,Qualcomm Snapdragon 768G,4300,6,64999,24999,2199,299.0,1500,2021,233.9964,299.988,307.86,299.0,405.0,309.16888,4,0.9671089794031016,Mid-Range
Oppo,K7x 128GB,194.0,6,16MP,48MP + 8MP + 2MP + 2MP,MediaTek Dimensity 720,5000,6,44999,14999,1499,199.0,1000,2020,161.9964,179.988,209.86,199.0,270.0,204.16888,5,0.9746833111882672,Mid-Range
Oppo,K7 5G 128GB,180.0,8,32MP,48MP + 8MP + 2MP + 2MP,Qualcomm Snapdragon 765G,4025,6,49999,19999,1999,279.0,1400,2020,179.9964,239.988,279.86,279.0,378.0,271.36888,5,1.028120836847615,Mid-Range
Oppo,K7 5G 256GB,180.0,8,32MP,48MP + 8MP + 2MP + 2MP,Qualcomm Snapdragon 765G,4025,6,54999,21999,2199,299.0,1500,2020,197.9964,263.988,307.86,299.0,405.0,294.76887999999997,5,1.0143540254317214,Mid-Range
Oppo,K11 128GB,184.0,8,16MP,64MP + 8MP + 2MP,Qualcomm Snapdragon 782G,5000,7,69999,21999,1899,259.0,1300,2023,251.9964,263.988,265.86,259.0,351.0,278.36888,2,0.9304200958095603,Mid-Range
Realme,GT 6 128GB,191.0,8,32MP,50MP + 8MP + 50MP,Qualcomm Snapdragon 8s Gen 3,5500,7,89999,37999,2800,380.0,1400,2023,323.9964,455.988,392.00000000000006,380.0,378.0,385.99688000000003,2,0.9844639158741386,Mid-Range
Realme,GT 6T 128GB,191.0,8,32MP,50MP + 8MP,Qualcomm Snapdragon 7 Plus Gen 3,5500,7,84999,28756,2700,360.0,1330,2023,305.9964,345.072,378.00000000000006,360.0,359.1,349.63368,2,1.0296490887262348,Mid-Range
Realme,GT 6T 256GB,191.0,8,32MP,50MP + 8MP,Qualcomm Snapdragon 7 Plus Gen 3,5500,7,89999,30999,2800,380.0,1400,2023,323.9964,371.988,392.00000000000006,380.0,378.0,369.19688,2,1.0292611356845702,Mid-Range
Realme,14 Pro 5G 128GB,184.0,8,16MP,50MP + 8MP,MediaTek Dimensity 7300 Energy,5800,7,79999,29999,2400,320.0,1150,2025,287.9964,359.988,336.00000000000006,320.0,310.5,322.89688,0,0.9910284670449587,Mid-Range
Realme,14 Pro 5G 256GB,184.0,8,16MP,50MP + 8MP,MediaTek Dimensity 7300 Energy,5800,7,84999,31999,2500,340.0,1210,2025,305.9964,383.988,350.00000000000006,340.0,326.70000000000005,341.33688,0,0.9960834000709211,Mid-Range
Realme,14x 5G 128GB,190.0,6,16MP,48MP + 2MP + 2MP,Qualcomm Snapdragon 7s Gen 2,5500,7,64999,24999,2000,270.0,970,2025,233.9964,299.988,280.0,270.0,261.90000000000003,269.17688,0,1.0030579149293952,Mid-Range
Realme,14x 5G 256GB,190.0,8,16MP,48MP + 2MP + 2MP,Qualcomm Snapdragon 7s Gen 2,5500,7,69999,26999,2100,290.0,1030,2025,251.9964,323.988,294.0,290.0,278.1,287.61688,0,1.0082857445640883,Mid-Range
Realme,13+ 5G 128GB,185.0,8,16MP,50MP + 2MP,MediaTek Dimensity 7200,5000,6,59999,22999,1800,250.0,900,2024,215.9964,275.988,252.00000000000003,250.0,243.00000000000003,247.39688,1,1.010522040536647,Mid-Range
Realme,13+ 5G 256GB,185.0,8,16MP,50MP + 2MP,MediaTek Dimensity 7200,5000,6,64999,24999,1900,270.0,970,2024,233.9964,299.988,266.0,270.0,261.90000000000003,266.37687999999997,1,1.0136014807291085,Mid-Range
Realme,13 5G 128GB,190.0,6,16MP,50MP + 2MP,MediaTek Dimensity 6100+,5000,7,49999,18999,1500,220.0,800,2024,179.9964,227.988,210.00000000000003,220.0,216.0,210.79688000000002,1,1.0436587106981847,Mid-Range
Realme,13 5G 256GB,190.0,8,16MP,50MP + 2MP,MediaTek Dimensity 6100+,5000,7,54999,20999,1600,240.0,860,2024,197.9964,251.988,224.00000000000003,240.0,232.20000000000002,229.23688,1,1.0469519564216716,Mid-Range
Realme,13 Pro 5G 128GB,192.0,8,16MP,50MP + 8MP + 2MP,Qualcomm Snapdragon 7s Gen 2,5200,7,74999,27999,2200,300.0,1070,2024,269.9964,335.988,308.00000000000006,300.0,288.90000000000003,300.57688,1,0.9980807572425396,Mid-Range
Realme,P1 Speed 5G 128GB,185.0,8,16MP,64MP + 2MP,MediaTek Dimensity 8100,5100,7,54999,19999,1800,250.0,900,2024,197.9964,239.988,252.00000000000003,250.0,243.00000000000003,236.59688,1,1.0566496058612438,Mid-Range
Realme,P1 5G 128GB,184.0,6,16MP,50MP + 2MP,MediaTek Dimensity 6100+,5000,7,44999,16999,1400,200.0,720,2024,161.9964,203.988,196.00000000000003,200.0,194.4,191.27688,1,1.0456046752749208,Budget
Realme,P1 5G 256GB,184.0,8,16MP,50MP + 2MP,MediaTek Dimensity 6100+,5000,7,49999,18999,1500,220.0,780,2024,179.9964,227.988,210.00000000000003,220.0,210.60000000000002,209.71688,1,1.0490333443831512,Mid-Range
Realme,P1 Pro 5G 128GB,190.0,8,16MP,64MP + 2MP,Qualcomm Snapdragon 7s Gen 1,5200,7,59999,22999,1900,270.0,960,2024,215.9964,275.988,266.0,270.0,259.20000000000005,257.43688000000003,1,1.0488007778838835,Mid-Range
Realme,Narzo 70 Turbo 5G 128GB,200.0,8,16MP,50MP + 2MP,MediaTek Dimensity 810,5000,7,54999,19999,1700,240.0,860,2024,197.9964,239.988,238.00000000000003,240.0,232.20000000000002,229.63688000000002,1,1.04512829123963,Mid-Range
Realme,Narzo 70 Turbo 5G 256GB,200.0,8,16MP,50MP + 2MP,MediaTek Dimensity 810,5000,7,59999,21999,1800,260.0,920,2024,215.9964,263.988,252.00000000000003,260.0,248.4,248.07688000000002,1,1.0480621974929707,Mid-Range
Realme,Narzo N61 128GB,195.0,6,16MP,50MP + 2MP,MediaTek Helio G99,5000,6,39999,14999,1200,180.0,660,2024,143.9964,179.988,168.00000000000003,180.0,178.20000000000002,170.03688000000002,1,1.0585938768107246,Budget
Realme,Narzo N63 128GB,193.0,6,16MP,50MP + 2MP,MediaTek Helio G88,5000,6,37999,13999,1100,160.0,600,2024,136.7964,167.988,154.00000000000003,160.0,162.0,156.15688,1,1.0246106351510096,Budget
Realme,Narzo N65 5G 128GB,198.0,8,16MP,50MP + 2MP,MediaTek Dimensity 700,5000,7,47999,17999,1500,210.0,780,2024,172.7964,215.988,210.00000000000003,210.0,210.60000000000002,203.87688,1,1.0300334201700556,Mid-Range
Realme,Narzo 70 5G 128GB,198.0,8,16MP,50MP + 2MP,MediaTek Dimensity 810,5200,7,52999,19499,1600,230.0,830,2024,190.7964,233.988,224.00000000000003,230.0,224.10000000000002,220.57688000000002,1,1.0427203431293433,Mid-Range
Realme,C75 128GB,190.0,6,8MP,50MP + 2MP,MediaTek Helio G85,5000,7,37999,13999,1100,160.0,600,2024,136.7964,167.988,154.00000000000003,160.0,162.0,156.15688,1,1.0246106351510096,Budget
Realme,C75 256GB,190.0,8,8MP,50MP + 2MP,MediaTek Helio G85,5000,7,42999,15999,1200,180.0,660,2024,154.7964,191.988,168.00000000000003,180.0,178.20000000000002,174.59688,1,1.0309462574588961,Budget
Realme,C61 128GB,189.0,4,8MP,50MP + 2MP,Unisoc T612,5000,6,32999,11999,900,130.0,500,2024,118.79639999999999,143.988,126.00000000000001,130.0,135.0,130.75688,1,0.9942115474153254,Budget
Realme,C67 128GB,195.0,6,8MP,50MP + 2MP,MediaTek Helio G88,5000,7,39999,14999,1200,170.0,620,2024,143.9964,179.988,168.00000000000003,170.0,167.4,165.87688,1,1.0248565080317402,Budget
Realme,C67 256GB,195.0,8,8MP,50MP + 2MP,MediaTek Helio G88,5000,7,44999,16999,1300,190.0,680,2024,161.9964,203.988,182.00000000000003,190.0,183.60000000000002,184.31688000000003,1,1.030833421225446,Budget
Realme,C65 128GB,192.0,6,8MP,50MP + 2MP,Qualcomm Snapdragon 680,5000,7,37999,13999,1100,160.0,600,2024,136.7964,167.988,154.00000000000003,160.0,162.0,156.15688,1,1.0246106351510096,Budget
Realme,C65 256GB,192.0,8,8MP,50MP + 2MP,Qualcomm Snapdragon 680,5000,7,42999,15999,1200,180.0,660,2024,154.7964,191.988,168.00000000000003,180.0,178.20000000000002,174.59688,1,1.0309462574588961,Budget
Realme,C63 128GB,191.0,6,8MP,50MP + 2MP,MediaTek Helio G85,5000,7,36999,13499,1050,150.0,580,2024,133.19639999999998,161.988,147.0,150.0,156.60000000000002,149.75688,1,1.001623431257382,Budget
Realme,C55 128GB,189.0,6,8MP,64MP + 2MP,MediaTek Helio G88,5000,7,39999,14999,1200,170.0,620,2023,143.9964,179.988,168.00000000000003,170.0,167.4,165.87688,2,1.0248565080317402,Budget
Realme,C55 256GB,189.0,8,8MP,64MP + 2MP,MediaTek Helio G88,5000,7,44999,16999,1300,190.0,680,2023,161.9964,203.988,182.00000000000003,190.0,183.60000000000002,184.31688000000003,2,1.030833421225446,Budget
Realme,Note 60x 128GB,198.0,6,16MP,50MP + 2MP,MediaTek Dimensity 6100+,5200,7,47999,17999,1500,210.0,780,2024,172.7964,215.988,210.00000000000003,210.0,210.60000000000002,203.87688,1,1.0300334201700556,Mid-Range
Realme,Note 60 128GB,196.0,6,16MP,50MP + 2MP,MediaTek Dimensity 810,5200,7,49999,18999,1600,220.0,820,2024,179.9964,227.988,224.00000000000003,220.0,221.4,214.67687999999998,1,1.0247959631237422,Mid-Range
Realme,Note 60 256GB,196.0,8,16MP,50MP + 2MP,MediaTek Dimensity 810,5200,7,54999,20999,1700,240.0,880,2024,197.9964,251.988,238.00000000000003,240.0,237.60000000000002,233.11687999999998,1,1.0295264761607998,Mid-Range
Realme,Note 50 128GB,195.0,6,16MP,50MP + 2MP,MediaTek Helio G99,5000,6,42999,15999,1200,170.0,620,2024,154.7964,191.988,168.00000000000003,170.0,167.4,170.43688000000003,1,0.9974367050136096,Budget
Realme,GT 7 128GB,199.0,8,16MP,50MP + 8MP + 2MP,Qualcomm Snapdragon 8 Gen 2,5200,7,124999,47999,3200,440.0,1620,2024,449.9964,575.988,448.00000000000006,440.0,437.40000000000003,470.27688,1,0.9356190336212148,Mid-Range
Realme,Neo 7 128GB,193.0,8,16MP,64MP + 8MP + 2MP,MediaTek Dimensity 8200,5000,7,79999,30999,2400,330.0,1200,2024,287.9964,371.988,336.00000000000006,330.0,324.0,329.99688000000003,1,1.0000094546348437,Mid-Range
Realme,P2 Pro 5G 128GB,195.0,8,16MP,50MP + 8MP,MediaTek Dimensity 9200,5100,7,84999,32999,2500,350.0,1250,2024,305.9964,395.988,350.00000000000006,350.0,337.5,347.89688,1,1.0060452396123816,Mid-Range
Xiaomi,Redmi Note 14 Pro+ 5G 128GB,205.0,8,16MP,200MP (Main) + 8MP (Ultra-wide) + 2MP (Macro),Snapdragon 7s Gen 3,5110,7,89999,29999,2499,374.9,1499,2024,323.9964,359.988,349.86,374.9,404.73,362.69488,1,1.0336512056635594,Mid-Range
Xiaomi,Redmi Note 14 Pro 5G 128GB,195.0,8,16MP,108MP (Main) + 8MP (Ultra-wide) + 2MP (Macro),MediaTek Dimensity 7300-Ultra,5500,7,79999,27999,2199,349.0,1399,2024,287.9964,335.988,307.86,349.0,377.73,331.71488,1,1.0521083648704574,Mid-Range
Xiaomi,Redmi Note 14 Pro 4G 128GB,190.0,6,16MP,108MP (Main) + 8MP (Ultra-wide) + 2MP (Macro),Qualcomm Snapdragon 732G,5000,7,69999,24999,1999,299.0,1199,2024,251.9964,299.988,279.86,299.0,323.73,290.91488,1,1.027792046938266,Mid-Range
Xiaomi,Redmi Note 14 Pro 4G 256GB,190.0,8,16MP,108MP (Main) + 8MP (Ultra-wide) + 2MP (Macro),Qualcomm Snapdragon 732G,5000,7,79999,27999,2299,329.0,1299,2024,287.9964,335.988,321.86,329.0,350.73,325.11487999999997,1,1.0119499913384464,Mid-Range
Xiaomi,Redmi Note 14 5G 128GB,185.0,6,16MP,50MP (Main) + 8MP (Ultra-wide) + 2MP (Macro),MediaTek Dimensity 7025-Ultra,5000,7,59999,21999,1799,279.0,1099,2024,215.9964,263.988,251.86,279.0,296.73,261.51488,1,1.066860899081536,Mid-Range
Xiaomi,Redmi Note 14 5G 256GB,185.0,8,16MP,50MP (Main) + 8MP (Ultra-wide) + 2MP (Macro),MediaTek Dimensity 7025-Ultra,5000,7,69999,24999,2099,309.0,1199,2024,251.9964,299.988,293.86,309.0,323.73,295.71488,1,1.0449254362851135,Mid-Range
Xiaomi,Redmi Note 14 4G 128GB,180.0,4,16MP,50MP (Main) + 8MP (Ultra-wide) + 2MP (Macro),Qualcomm Snapdragon 680,5000,7,49999,18999,1599,249.0,999,2024,179.9964,227.988,223.86,249.0,269.73,230.11488,1,1.0820682260964611,Mid-Range
Xiaomi,Redmi Note 14 4G 256GB,180.0,6,16MP,50MP (Main) + 8MP (Ultra-wide) + 2MP (Macro),Qualcomm Snapdragon 680,5000,7,59999,21999,1899,279.0,1099,2024,215.9964,263.988,265.86,279.0,296.73,264.31488,1,1.0555591875871686,Mid-Range
Xiaomi,Redmi 14C 5G 64GB,195.0,4,8MP,50MP (Main) + 2MP (Depth),MediaTek Dimensity 700,5000,6,39999,14999,1299,199.0,799,2024,143.9964,179.988,181.86,199.0,215.73000000000002,184.11488,1,1.0808469147089035,Budget
Xiaomi,Redmi 14C 5G 128GB,195.0,6,8MP,50MP (Main) + 2MP (Depth),MediaTek Dimensity 700,5000,6,44999,16999,1499,229.0,899,2024,161.9964,203.988,209.86,229.0,242.73000000000002,209.51488,1,1.0930011271753108,Mid-Range
Lenovo,Legion Y70 128GB,209.0,8,16MP,50MP,Snapdragon 8+ Gen 1,5100,7,139999,49999,3299,499.0,1899,2022,503.9964,599.988,461.86000000000007,499.0,512.73,515.5148800000001,3,0.967964300079951,Premium
Lenovo,K14 Plus 64GB,198.0,4,8MP,48MP,Unisoc T700,5000,6,29999,10999,1299,199.0,749,2022,107.9964,131.988,181.86,199.0,202.23000000000002,164.61488,3,1.2088822104052805,Budget
Lenovo,K14 Plus 128GB,198.0,6,8MP,48MP,Unisoc T700,5000,6,34999,12999,1499,229.0,849,2022,125.9964,155.988,209.86,229.0,229.23000000000002,190.01488,3,1.2051687741507402,Budget
Lenovo,K13 Pro 128GB,200.0,6,16MP,64MP,Snapdragon 662,5000,7,39999,14999,1699,249.0,949,2021,143.9964,179.988,237.86,249.0,256.23,213.41487999999998,4,1.166741513056634,Mid-Range
Lenovo,K13 Note 64GB,200.0,4,8MP,48MP,Snapdragon 460,5000,6,29999,11999,1299,199.0,749,2021,107.9964,143.988,181.86,199.0,202.23000000000002,167.01488,4,1.1915106007321024,Budget
Lenovo,K10 Plus 64GB,172.0,4,16MP,13MP,Snapdragon 632,4050,6,24999,10999,1199,179.0,699,2019,89.9964,131.988,167.86,179.0,188.73000000000002,151.51488,6,1.1814021170725937,Budget
Lenovo,A6 Note 32GB,172.0,3,5MP,13MP,Helio P22,4000,6,19999,9999,999,149.0,549,2019,71.9964,119.988,139.86,149.0,148.23000000000002,125.81487999999999,6,1.1842796336967456,Budget
Lenovo,K10 Note 64GB,164.0,4,16MP,16MP,Snapdragon 710,4050,6,29999,13999,1499,219.0,799,2019,107.9964,167.988,209.86,219.0,215.73000000000002,184.11488,6,1.189474745332914,Budget
Lenovo,K10 Note 128GB,164.0,6,16MP,16MP,Snapdragon 710,4050,6,34999,15999,1699,249.0,899,2019,125.9964,191.988,237.86,249.0,242.73000000000002,209.51488,6,1.1884597409024122,Mid-Range
Lenovo,Z6 Pro 128GB,185.0,6,32MP,48MP,Snapdragon 855,4000,6,69999,39999,2899,429.0,1599,2019,251.9964,479.988,405.86,429.0,431.73,399.71488,6,1.0732650233086145,Mid-Range
Lenovo,Z6 Pro 256GB,185.0,8,32MP,48MP,Snapdragon 855,4000,6,79999,44999,3299,479.0,1799,2019,287.9964,539.988,461.86000000000007,479.0,485.73,450.91488,6,1.0622847487312905,Mid-Range
Motorola,Edge 50 Fusion 128GB,168.0,8,32MP,50MP,Snapdragon 7 Gen 1,5000,7,139999,29999,2499,499.0,1899,2024,503.9964,359.988,349.86,499.0,512.73,445.11487999999997,1,1.1210589050628907,Mid-Range
Motorola,Edge 50 Pro 128GB,186.0,8,50MP,50MP,Snapdragon 7 Gen 3,4500,7,169999,34999,2999,549.0,2099,2024,611.9964,419.988,419.86,549.0,566.73,513.51488,1,1.0691024182200914,Premium
Motorola,G84 5G 128GB,166.0,8,16MP,50MP,Snapdragon 695,5000,6,79999,19999,1799,299.0,1099,2023,287.9964,239.988,251.86,299.0,296.73,275.11487999999997,2,1.0868187136951664,Mid-Range
Motorola,Moto G Stylus 64GB,195.0,4,16MP,50MP,MediaTek Helio G88,5000,7,49999,21999,1499,199.0,799,2023,179.9964,263.988,209.86,199.0,215.73000000000002,213.71488,2,0.9311471433341469,Mid-Range
Motorola,Moto G Stylus 128GB,195.0,6,16MP,50MP,MediaTek Helio G88,5000,7,54999,24999,1699,249.0,899,2023,197.9964,299.988,237.86,249.0,242.73000000000002,245.51488,2,1.0141951477645672,Mid-Range
Motorola,One Vision 3 128GB,180.0,6,25MP,48MP,Exynos 9609,3500,6,39999,19999,1399,299.0,1099,2024,143.9964,239.988,195.86,299.0,296.73,235.11488,1,1.271718744470788,Mid-Range
Motorola,One Vision 3 256GB,180.0,8,25MP,48MP,Exynos 9609,3500,6,44999,22999,1599,349.0,1299,2024,161.9964,275.988,223.86,349.0,350.73,272.31488,1,1.281604589510496,Mid-Range
Motorola,Edge 50 Lite 128GB,170.0,6,32MP,64MP,Snapdragon 695,5000,7,59999,27999,2199,399.0,1499,2024,215.9964,335.988,307.86,399.0,404.73,332.71488,1,1.1992249940850257,Mid-Range
Motorola,Edge 50 Lite 256GB,170.0,8,32MP,64MP,Snapdragon 695,5000,7,64999,29999,2399,449.0,1699,2024,233.9964,359.988,335.86,449.0,458.73,367.51488,1,1.221719240320283,Mid-Range
Motorola,Moto E40 Plus 64GB,198.0,4,8MP,48MP,Unisoc T700,5000,6,29999,11999,1299,199.0,749,2023,107.9964,143.988,181.86,199.0,202.23000000000002,167.01488,2,1.1915106007321024,Budget
Motorola,Moto E40 Plus 128GB,198.0,6,8MP,48MP,Unisoc T700,5000,6,34999,13999,1499,229.0,849,2023,125.9964,167.988,209.86,229.0,229.23000000000002,192.41487999999998,2,1.1901366463965781,Budget
Motorola,Moto G Power 64GB,206.0,4,16MP,50MP,Snapdragon 662,5000,7,39999,17999,1599,249.0,949,2022,143.9964,215.988,223.86,249.0,256.23,217.81488,3,1.143172587657923,Mid-Range
Motorola,Moto G Power 128GB,206.0,6,16MP,50MP,Snapdragon 662,5000,7,44999,19999,1799,279.0,1049,2022,161.9964,239.988,251.86,279.0,283.23,243.21488,3,1.1471337608948926,Mid-Range
Motorola,Moto G Play 32GB,203.0,3,5MP,13MP,MediaTek Helio G25,5000,6,24999,9999,999,149.0,549,2022,89.9964,119.988,139.86,149.0,148.23000000000002,129.41487999999998,3,1.1513359205680214,Budget
Motorola,Moto G Play 64GB,203.0,4,5MP,13MP,MediaTek Helio G25,5000,6,29999,11999,1199,179.0,649,2022,107.9964,143.988,167.86,179.0,175.23000000000002,154.81488,3,1.156219608864471,Budget
Motorola,Moto G75 5G 128GB,205.0,8,16MP,50MP,Snapdragon 6 Gen 3,5000,7,89999,34999,2699,320.0,1175,2024,323.9964,419.988,377.86,320.0,317.25,351.81888,1,0.9095589184980636,Mid-Range
Motorola,Moto G75 5G 256GB,205.0,8,16MP,50MP,Snapdragon 6 Gen 3,5000,7,99999,39999,2999,370.0,1350,2024,359.9964,479.988,419.86,370.0,364.5,398.86888,1,0.9276231326946339,Mid-Range
Motorola,Moto S50 128GB,190.0,8,32MP,64MP,MediaTek Dimensity 8100,4500,7,79999,29999,2499,300.0,1100,2024,287.9964,359.988,349.86,300.0,297.0,318.96888,1,0.9405306248057804,Mid-Range
Motorola,Edge 50 Neo 256GB,171.0,8,32MP,50MP,MediaTek Dimensity 7300,4310,6,99999,39999,2999,400.0,1500,2024,359.9964,479.988,419.86,400.0,405.0,412.96888,1,0.9685959871843127,Mid-Range
Motorola,Moto G55 128GB,182.0,8,16MP,50MP,MediaTek Dimensity 7025,5000,6,69999,26999,2199,270.0,1000,2024,251.9964,323.988,307.86,270.0,270.0,284.76887999999997,1,0.9481373105094911,Mid-Range
Motorola,Moto G55 256GB,182.0,8,16MP,50MP,MediaTek Dimensity 7025,5000,6,79999,29999,2499,320.0,1175,2024,287.9964,359.988,349.86,320.0,317.25,327.01887999999997,1,0.9785367743905184,Mid-Range
Motorola,Moto G35 128GB,188.0,4,16MP,50MP,Unisoc T760,5000,7,49999,18999,1599,200.0,750,2024,179.9964,227.988,223.86,200.0,202.5,206.86888,1,0.9667959724053227,Mid-Range
Motorola,Moto G35 256GB,188.0,8,16MP,50MP,Unisoc T760,5000,7,59999,22999,1899,250.0,925,2024,215.9964,275.988,265.86,250.0,249.75000000000003,251.51888,1,0.9939611690382846,Mid-Range
Motorola,Moto G45 128GB,183.0,6,16MP,50MP,Snapdragon 6s Gen 3,5000,6,59999,22999,1899,250.0,925,2024,215.9964,275.988,265.86,250.0,249.75000000000003,251.51888,1,0.9939611690382846,Mid-Range
Motorola,Moto G45 256GB,183.0,8,16MP,50MP,Snapdragon 6s Gen 3,5000,6,69999,26999,2199,300.0,1100,2024,251.9964,323.988,307.86,300.0,297.0,296.16888,1,1.0129355926929258,Mid-Range
Motorola,Edge 50 256GB,180.0,8,32MP,50MP,Snapdragon 7s Gen 2,4700,7,109999,44999,3299,450.0,1675,2024,395.9964,539.988,461.86000000000007,450.0,452.25000000000006,460.01887999999997,1,0.9782207199843624,Mid-Range
Motorola,Moto G85 128GB,173.0,8,32MP,50MP,Snapdragon 6s Gen 3,5000,7,79999,29999,2499,320.0,1175,2024,287.9964,359.988,349.86,320.0,317.25,327.01887999999997,1,0.9785367743905184,Mid-Range
Motorola,S50 Neo 256GB,170.0,8,32MP,50MP,MediaTek Dimensity 7200,4300,6,69999,26999,2199,300.0,1100,2024,251.9964,323.988,307.86,300.0,297.0,296.16888,1,1.0129355926929258,Mid-Range
Motorola,Moto E14 64GB,180.0,4,8MP,13MP,Unisoc T606,5000,6,29999,11999,999,150.0,550,2024,107.9964,143.988,139.86,150.0,148.5,138.06887999999998,1,1.0864142593175234,Budget
Motorola,Moto E14 128GB,180.0,4,8MP,13MP,Unisoc T606,5000,6,34999,13999,1199,180.0,650,2024,125.9964,167.988,167.86,180.0,175.5,163.46887999999998,1,1.1011270157353499,Budget
Motorola,Edge 256GB,174.0,8,32MP,50MP,Snapdragon 7s Gen 2,4700,7,109999,44999,3299,450.0,1675,2024,395.9964,539.988,461.86000000000007,450.0,452.25000000000006,460.01887999999997,1,0.9782207199843624,Mid-Range
Motorola,Moto G Stylus 5G 256GB,195.0,6,16MP,50MP,Snapdragon 6 Gen 1,5000,7,69999,26999,2199,300.0,1100,2024,251.9964,323.988,307.86,300.0,297.0,296.16888,1,1.0129355926929258,Mid-Range
Motorola,Moto G Stylus 5G 512GB,195.0,8,16MP,50MP,Snapdragon 6 Gen 1,5000,7,79999,29999,2499,350.0,1275,2024,287.9964,359.988,349.86,350.0,344.25,338.41888,1,1.0342212585775357,Mid-Range
Motorola,Edge 30 Fusion 128GB,168.0,8,32MP,50MP,Snapdragon 888+ 5G,4400,7,119999,49999,3999,699.0,2599,2022,431.9964,599.988,559.86,699.0,701.73,598.51488,3,1.1678907632171152,Premium
Motorola,Edge 30 Neo 128GB,155.0,6,32MP,64MP,Snapdragon 695 5G,4020,6,89999,34999,2499,499.0,1799,2022,323.9964,419.988,349.86,499.0,485.73,415.71488,3,1.2003419266589639,Mid-Range
Motorola,Edge 30 Neo 256GB,155.0,8,32MP,64MP,Snapdragon 695 5G,4020,6,99999,39999,2799,549.0,1999,2022,359.9964,479.988,391.86,549.0,539.73,464.11487999999997,3,1.1828967862439577,Mid-Range
Motorola,Moto G82 5G 128GB,173.0,6,16MP,50MP,Snapdragon 695 5G,5000,7,64999,24999,1999,399.0,1499,2022,233.9964,299.988,279.86,399.0,404.73,323.51488,3,1.2333281238872227,Mid-Range
Motorola,Moto G82 5G 256GB,173.0,8,16MP,50MP,Snapdragon 695 5G,5000,7,74999,29999,2299,449.0,1699,2022,269.9964,359.988,321.86,449.0,458.73,371.91488,3,1.2072654904261966,Mid-Range
Motorola,Moto G62 5G 128GB,184.0,4,16MP,50MP,Snapdragon 480+ 5G,5000,6,54999,19999,1599,349.0,1299,2022,197.9964,239.988,223.86,349.0,350.73,272.31488,3,1.281604589510496,Mid-Range
Motorola,Moto G62 5G 256GB,184.0,6,16MP,50MP,Snapdragon 480+ 5G,5000,6,64999,24999,1899,399.0,1499,2022,233.9964,299.988,265.86,399.0,404.73,320.71488,3,1.2440956902280307,Mid-Range
Motorola,Moto G42 128GB,175.0,4,16MP,50MP,Snapdragon 680 4G,5000,6,44999,16999,1399,299.0,1099,2022,161.9964,203.988,195.86,299.0,296.73,231.51488,3,1.2914936612281682,Mid-Range
Motorola,Moto G32 128GB,184.0,4,16MP,50MP,Snapdragon 680 4G,5000,6,39999,14999,1299,279.0,999,2022,143.9964,179.988,181.86,279.0,269.73,210.91487999999998,3,1.322808518773071,Mid-Range
Motorola,Moto E32s 64GB,185.0,3,8MP,16MP,MediaTek Helio G37,5000,6,29999,11999,999,199.0,749,2022,107.9964,143.988,139.86,199.0,202.23000000000002,158.61488,3,1.2546111688890726,Budget
Motorola,Moto E22 64GB,169.0,4,5MP,16MP,MediaTek Helio G37,4020,6,27999,10999,999,199.0,749,2022,100.79639999999999,131.988,139.86,199.0,202.23000000000002,154.77488,3,1.2857383575422576,Budget
Motorola,Moto G22 64GB,185.0,4,16MP,50MP,MediaTek Helio G37,5000,6,34999,12999,1199,249.0,899,2022,125.9964,155.988,167.86,249.0,242.73000000000002,188.31488,3,1.3222534512408155,Budget
Huawei,P50,181.0,8,13MP,50MP,Snapdragon 888 4G,4100,6,129999,59999,4488,699.0,2599,2021,467.9964,719.988,628.32,699.0,701.73,643.40688,4,1.0864042983189734,Premium
Huawei,P50 Pro,195.0,8,13MP,50MP,Snapdragon 888 4G,4360,7,149999,79999,5988,899.0,3299,2021,539.9964,959.988,838.32,899.0,890.73,825.60688,4,1.0888959646266514,Flagship
Huawei,Mate 40E,188.0,8,13MP,64MP,Kirin 990E 5G,4200,6,139999,69999,4599,799.0,2999,2021,503.9964,839.988,643.86,799.0,809.73,719.31488,4,1.1107791903317779,Premium
Huawei,Nova 9,175.0,8,32MP,50MP,Snapdragon 778G 4G,4300,7,89999,37999,2699,499.0,1899,2021,323.9964,455.988,377.86,499.0,512.73,433.91488,4,1.1499951326859315,Mid-Range
Huawei,Nova 9 Pro,186.0,8,Dual 32MP,50MP,Snapdragon 778G 4G,4000,7,109999,44999,3499,599.0,2199,2021,395.9964,539.988,489.86000000000007,599.0,593.73,523.7148800000001,4,1.1437521118361194,Premium
Huawei,P50E,181.0,8,13MP,50MP,Snapdragon 778G 4G,4100,6,119999,54999,4088,649.0,2399,2022,431.9964,659.988,572.32,649.0,647.73,592.20688,3,1.0959008108787929,Premium
Huawei,Mate 50,202.0,8,13MP,50MP,Snapdragon 8+ Gen 1 4G,4460,7,169999,84999,6299,999.0,3699,2022,611.9964,1019.988,881.8600000000001,999.0,998.73,902.3148800000001,3,1.1071523058558004,Flagship
Huawei,Mate 50 Pro,205.0,8,13MP,50MP,Snapdragon 8+ Gen 1 4G,4700,7,189999,99999,7299,1199.0,4399,2022,683.9964,1199.988,1021.8600000000001,1199.0,1187.73,1058.5148800000002,3,1.1327190790175758,Flagship
Huawei,Nova 10,168.0,8,60MP,50MP,Snapdragon 778G 4G,4000,7,99999,39999,2699,499.0,1899,2022,359.9964,479.988,377.86,499.0,512.73,445.91488,3,1.1190476532202738,Mid-Range
Huawei,Nova 10 Pro,191.0,8,Dual 60MP,50MP,Snapdragon 778G 4G,4500,7,119999,49999,3499,599.0,2199,2022,431.9964,599.988,489.86000000000007,599.0,593.73,542.91488,3,1.1033037075719863,Premium
Huawei,Nova 10 SE,184.0,8,16MP,108MP,Snapdragon 680 4G,4500,7,79999,34999,2299,399.0,1499,2022,287.9964,419.988,321.86,399.0,404.73,366.71488,3,1.0880387509773262,Mid-Range
Huawei,P60,197.0,8,13MP,48MP (wide) + 13MP (ultrawide) + 48MP (telephoto),Snapdragon 8+ Gen 1 4G,4815,7,169999,84999,6988,999.0,3699,2023,611.9964,1019.988,978.32,999.0,998.73,921.60688,2,1.0839762828159443,Flagship
Huawei,Nova 11,168.0,8,60MP,50MP (wide) + 8MP (ultrawide),Snapdragon 778G 4G,4500,7,89999,44999,2999,499.0,1899,2023,323.9964,539.988,419.86,499.0,512.73,459.11487999999997,2,1.0868739431838934,Mid-Range
Huawei,Nova 11 Pro,188.0,8,60MP (ultrawide) + 8MP (telephoto),50MP (wide) + 8MP (ultrawide),Snapdragon 778G 4G,4500,7,109999,54999,3499,599.0,2199,2023,395.9964,659.988,489.86000000000007,599.0,593.73,547.7148800000001,2,1.0936347027855076,Premium
Huawei,Nova 12,168.0,8,60MP,50MP + 8MP,Kirin 9000S,4500,7,89999,44999,2999,499.0,1899,2024,323.9964,539.988,419.86,499.0,512.73,459.11487999999997,1,1.0868739431838934,Mid-Range
Huawei,Nova 12 Pro,188.0,8,60MP + 8MP,50MP + 8MP,Kirin 9000S,4500,7,109999,54999,3499,599.0,2199,2024,395.9964,659.988,489.86000000000007,599.0,593.73,547.7148800000001,1,1.0936347027855076,Premium
Huawei,Nova 13 256GB,170.0,8,50MP,50MP + 8MP,Kirin 9000S,4600,7,94999,47999,3199,529.0,1999,2024,341.9964,575.988,447.86000000000007,529.0,539.73,486.9148800000001,1,1.0864321911870918,Mid-Range
Huawei,Nova 13 512GB,170.0,8,50MP,50MP + 8MP,Kirin 9000S,4600,7,109999,54999,3699,599.0,2299,2024,395.9964,659.988,517.86,599.0,620.73,558.71488,1,1.0721031807851618,Premium
Huawei,Nova 13 Pro 256GB,190.0,8,60MP + 8MP,50MP + 8MP,Kirin 9000S,4600,7,119999,59999,3999,649.0,2399,2024,431.9964,719.988,559.86,649.0,647.73,601.71488,1,1.0785839299835829,Premium
Huawei,Nova 13 Pro 512GB,190.0,8,60MP + 8MP,50MP + 8MP,Kirin 9000S,4600,7,134999,67999,4499,729.0,2699,2024,485.9964,815.988,629.86,729.0,728.73,677.91488,1,1.075356245315046,Premium
Nokia,G42 5G 128GB,193.0,4,8MP,50MP,Snapdragon 480+,5000,7,74999,18999,1499,229.0,849,2023,269.9964,227.988,209.86,229.0,229.23000000000002,233.21488,2,0.9819270537111526,Mid-Range
Nokia,G20 64GB,197.0,4,8MP,48MP,MediaTek G35,5050,7,48999,12499,999,169.0,629,2021,176.3964,149.988,139.86,169.0,169.83,161.01488,4,1.04959243518363,Budget
Nokia,G20 128GB,197.0,4,8MP,48MP,MediaTek G35,5050,7,54999,13999,1199,189.0,699,2021,197.9964,167.988,167.86,189.0,188.73000000000002,182.31488,4,1.0366679889211456,Budget
Nokia,C32 64GB,199.0,3,8MP,50MP,Unisoc SC9863A,5000,7,39999,9999,899,139.0,499,2023,143.9964,119.988,125.86000000000001,139.0,134.73000000000002,132.71488,2,1.047358065651719,Budget
Nokia,C32 128GB,199.0,4,8MP,50MP,Unisoc SC9863A,5000,7,44999,10999,999,159.0,549,2023,161.9964,131.988,139.86,159.0,148.23000000000002,148.21488,2,1.072766782930297,Budget
Nokia,G21 64GB,190.0,4,8MP,50MP,Unisoc T606,5050,6,46999,11999,1099,169.0,619,2022,169.19639999999998,143.988,153.86,169.0,167.13000000000002,160.63488,3,1.0520753649518708,Budget
Nokia,G21 128GB,190.0,6,8MP,50MP,Unisoc T606,5050,6,52999,13999,1299,189.0,699,2022,190.7964,167.988,181.86,189.0,188.73000000000002,183.67488,3,1.0289920973406925,Budget
Nokia,C22 128GB,190.0,3,8MP,13MP,Unisoc SC9863A,5000,6,38999,9499,899,139.0,499,2023,140.3964,113.988,125.86000000000001,139.0,134.73000000000002,130.79488,2,1.0627327308224908,Budget
Nokia,G400 128GB,198.0,6,16MP,48MP,Snapdragon 480,5000,7,79999,22999,1799,239.0,899,2022,287.9964,275.988,251.86,239.0,242.73000000000002,259.51488,3,0.9209491186016,Mid-Range
Sony,Xperia 5 IV 128GB,172.0,8,12MP,12MP,Snapdragon 8 Gen 1,5000,6,319999,89999,5999,999.0,3799,2022,1151.9964,1079.988,839.8600000000001,999.0,1025.73,1019.3148800000001,3,0.9800700643161413,Flagship
Sony,Xperia 10 IV 128GB,161.0,6,8MP,12MP,Snapdragon 695,5000,6,179999,49999,3299,499.0,1799,2022,647.9964,599.988,461.86000000000007,499.0,485.73,538.91488,3,0.9259347227525059,Premium
Sony,Xperia 5 V 128GB,178.0,8,12MP,48MP,Snapdragon 8 Gen 2,5000,6,339999,94999,6299,1099.0,4099,2023,1223.9964,1139.988,881.8600000000001,1099.0,1106.73,1090.3148800000001,2,1.0079656988630659,Flagship
Sony,Xperia 10 V 128GB,164.0,6,8MP,48MP,Snapdragon 695,5000,6,199999,54999,3699,599.0,1999,2023,719.9964,659.988,517.86,599.0,539.73,607.31488,2,0.9863087826861743,Premium
Sony,Xperia 5 VI 128GB,180.0,8,12MP,48MP,Snapdragon 8 Gen 3,5000,6,349999,99999,6599,1199.0,4399,2024,1259.9964,1199.988,923.8600000000001,1199.0,1187.73,1154.11488,1,1.0388913796865697,Flagship
Sony,Xperia 10 VI 128GB,167.0,6,8MP,48MP,Snapdragon 7 Gen 1,5000,6,209999,59999,3999,699.0,2199,2024,755.9964,719.988,559.86,699.0,593.73,665.71488,1,1.049999062661781,Premium
Google,Pixel 3a XL 64GB,167.0,4,8MP,12.2MP,Snapdragon 670,3700,6,79999,44999,3299,479.0,1799,2019,287.9964,539.988,461.86000000000007,479.0,485.73,450.91488,6,1.0622847487312905,Mid-Range
Google,Pixel 4 XL 64GB,193.0,6,8MP,12.2MP,Snapdragon 855,3700,6,139999,69999,5499,899.0,3599,2019,503.9964,839.988,769.8600000000001,899.0,971.73,796.91488,6,1.1281004064072688,Premium
Google,Pixel 4a 5G 128GB,168.0,6,8MP,12.2MP,Snapdragon 765G,3885,6,109999,37999,3799,499.0,1999,2020,395.9964,455.988,531.86,499.0,539.73,484.51488,5,1.0298961303314358,Mid-Range
Google,Pixel 5 128GB,151.0,8,8MP,12.2MP,Snapdragon 765G,4080,6,139999,49999,4599,699.0,2799,2020,503.9964,599.988,643.86,699.0,755.73,640.51488,5,1.0913095414738843,Premium
Google,Pixel 5a 128GB,183.0,6,8MP,12.2MP,Snapdragon 765G,4680,6,109999,42999,3999,449.0,1799,2021,395.9964,515.988,559.86,449.0,485.73,481.31488,4,0.9328612487525837,Mid-Range
Google,Pixel 6 128GB,207.0,8,8MP,50MP,Google Tensor,4614,6,159999,59999,5999,699.0,2999,2021,575.9964,719.988,839.8600000000001,699.0,809.73,728.91488,4,0.9589597073392163,Premium
Google,Pixel 6a 128GB,178.0,6,8MP,12.2MP,Google Tensor,4410,6,129999,43999,4299,449.0,1999,2022,467.9964,527.988,601.86,449.0,539.73,517.31488,3,0.8679433307621076,Premium
Google,Pixel 7 128GB,197.0,8,10.8MP,50MP,Google Tensor G2,4355,6,169999,64999,6199,599.0,2399,2022,611.9964,779.988,867.8600000000001,599.0,647.73,701.3148800000001,3,0.8541099256299822,Premium
Google,Pixel 7a 128GB,193.0,8,10.8MP,64MP,Google Tensor G2,4385,6,139999,44999,4599,499.0,2199,2023,503.9964,539.988,643.86,499.0,593.73,556.11488,2,0.8972966161236327,Premium
Google,Pixel 8 128GB,187.0,8,10.5MP,50MP,Google Tensor G3,4575,6,179999,69999,6399,699.0,2799,2023,647.9964,839.988,895.8600000000001,699.0,755.73,767.7148800000001,2,0.9104942709981079,Premium
Google,Pixel 8a 128GB,194.0,8,10.5MP,64MP,Google Tensor G3,4385,6,149999,49999,4999,549.0,2399,2024,539.9964,599.988,699.86,549.0,647.73,607.31488,1,0.9039791681046906,Premium
Google,Pixel 9 128GB,195.0,8,10.8MP,50MP,Google Tensor G4,4600,6,189999,74999,6599,799.0,3199,2024,683.9964,899.988,923.8600000000001,799.0,863.73,834.1148800000001,1,0.9579016262124468,Flagship
Tecno,Spark Go 1S 64GB,190.0,4,8MP,13MP,MediaTek Helio A22,5000,7,27999,9999,799,129.0,499,2024,100.79639999999999,119.988,111.86000000000001,129.0,134.73000000000002,119.27488000000001,1,1.0815353576545204,Budget
Tecno,Pop 9 4G 64GB,195.0,3,5MP,8MP,Unisoc SC9863A,5000,7,22999,7499,599,99.0,399,2024,82.79639999999999,89.988,83.86000000000001,99.0,107.73,92.67488,1,1.0682506413820012,Budget
Tecno,Camon 30S 256GB,198.0,8,32MP,50MP,MediaTek Dimensity 810,5200,7,89999,39999,3199,499.0,1999,2024,323.9964,479.988,447.86000000000007,499.0,539.73,458.11487999999997,1,1.0892464353046118,Mid-Range
Tecno,Spark 30C 5G 128GB,200.0,6,16MP,50MP,MediaTek Dimensity 6100+,5000,7,39999,14999,1199,199.0,749,2024,143.9964,179.988,167.86,199.0,202.23000000000002,178.61488,1,1.1141289012427185,Budget
Tecno,Spark 30 5G 128GB,195.0,6,16MP,50MP,MediaTek Dimensity 6020,5000,7,42999,16999,1399,229.0,849,2024,154.7964,203.988,195.86,229.0,229.23000000000002,202.57488,1,1.1304461836531756,Mid-Range
Tecno,Pop 9 64GB,190.0,3,5MP,8MP,Unisoc SC9832E,5000,7,21999,6999,549,89.0,349,2024,79.1964,83.988,76.86000000000001,89.0,94.23,84.65488,1,1.0513274603897613,Budget
Tecno,Spark 30 Pro 256GB,205.0,8,32MP,50MP,MediaTek Helio G99,5200,7,54999,19999,1799,269.0,999,2024,197.9964,239.988,251.86,269.0,269.73,245.71488,1,1.0947647940572423,Mid-Range
Tecno,Spark 30 128GB,192.0,4,16MP,50MP,MediaTek Helio G85,5000,7,34999,12999,1099,179.0,699,2024,125.9964,155.988,153.86,179.0,188.73000000000002,160.71488,1,1.113773659290291,Budget
Tecno,Phantom V Flip2 256GB,195.0,8,32MP,50MP,MediaTek Dimensity 8050,4300,7,159999,79999,5999,999.0,3999,2024,575.9964,959.988,839.8600000000001,999.0,1079.73,890.91488,1,1.1213192443255633,Flagship
Tecno,Pova 6 Neo 5G 256GB,225.0,8,16MP,50MP,MediaTek Dimensity 810,6000,7,69999,29999,2499,349.0,1299,2024,251.9964,359.988,349.86,349.0,350.73,332.31488,1,1.0502087658548422,Mid-Range
Tecno,Spark 30C 128GB,190.0,4,16MP,50MP,MediaTek Helio G85,5000,7,32999,11999,999,149.0,599,2024,118.79639999999999,143.988,139.86,149.0,161.73000000000002,142.67488,1,1.0443324010505564,Budget
Tecno,Spark Go 1 64GB,195.0,3,5MP,8MP,Unisoc SC9863A,5000,7,22999,7499,599,99.0,399,2024,82.79639999999999,89.988,83.86000000000001,99.0,107.73,92.67488,1,1.0682506413820012,Budget
Tecno,Spark 20P 128GB,195.0,4,16MP,50MP,MediaTek Helio G85,5000,7,37999,13999,1199,179.0,699,2024,136.7964,167.988,167.86,179.0,188.73000000000002,168.07488,1,1.0650015040915097,Budget
Tecno,Spark 20 Pro 5G 256GB,210.0,8,32MP,50MP,MediaTek Dimensity 810,5200,7,59999,24999,2299,329.0,1199,2024,215.9964,299.988,321.86,329.0,323.73,298.11487999999997,1,1.1036014035931385,Mid-Range
Tecno,Pova 6 Neo 256GB,230.0,8,16MP,50MP,MediaTek Helio G99,6000,7,55999,22999,1899,299.0,1099,2024,201.5964,275.988,265.86,299.0,296.73,267.83488,1,1.1163594525104423,Mid-Range
Tecno,Camon 30 5G 256GB,198.0,8,32MP,50MP,MediaTek Dimensity 810,5000,7,89999,39999,3199,499.0,1999,2024,323.9964,479.988,447.86000000000007,499.0,539.73,458.11487999999997,1,1.0892464353046118,Mid-Range
Tecno,Camon 30 128GB,195.0,6,32MP,50MP,MediaTek Helio G99,5000,7,69999,29999,2499,349.0,1299,2024,251.9964,359.988,349.86,349.0,350.73,332.31488,1,1.0502087658548422,Mid-Range
Tecno,Spark 20 Pro+ 256GB,210.0,8,32MP,50MP,MediaTek Helio G99,5200,7,54999,19999,1799,269.0,999,2024,197.9964,239.988,251.86,269.0,269.73,245.71488,1,1.0947647940572423,Mid-Range
Tecno,Spark 20 Pro 128GB,195.0,6,16MP,50MP,MediaTek Helio G85,5000,7,39999,14999,1199,199.0,749,2024,143.9964,179.988,167.86,199.0,202.23000000000002,178.61488,1,1.1141289012427185,Budget
Tecno,Spark 20 128GB,192.0,4,16MP,50MP,MediaTek Helio G85,5000,7,34999,12999,1099,179.0,699,2024,125.9964,155.988,153.86,179.0,188.73000000000002,160.71488,1,1.113773659290291,Budget
Tecno,Spark 20C 128GB,190.0,4,16MP,50MP,MediaTek Helio G85,5000,7,32999,11999,999,149.0,599,2024,118.79639999999999,143.988,139.86,149.0,161.73000000000002,142.67488,1,1.0443324010505564,Budget
Tecno,Spark Go 2024 64GB,195.0,3,5MP,8MP,Unisoc SC9863A,5000,7,22999,7499,599,99.0,399,2024,82.79639999999999,89.988,83.86000000000001,99.0,107.73,92.67488,1,1.0682506413820012,Budget
Tecno,Pop 8 64GB,195.0,3,5MP,8MP,Unisoc SC9832E,5000,7,21999,6999,549,89.0,349,2024,79.1964,83.988,76.86000000000001,89.0,94.23,84.65488,1,1.0513274603897613,Budget
Tecno,Camon 20s 256GB,200.0,8,32MP,50MP,MediaTek Helio G99,5000,7,79999,34999,2799,449.0,1799,2024,287.9964,419.988,391.86,449.0,485.73,406.91488,1,1.103424873526375,Mid-Range
Tecno,Camon 20 Pro 5G 256GB,200.0,8,32MP,50MP,MediaTek Dimensity 810,5000,7,89999,39999,3199,499.0,1999,2024,323.9964,479.988,447.86000000000007,499.0,539.73,458.11487999999997,1,1.0892464353046118,Mid-Range
Tecno,Camon 20 Pro 128GB,198.0,6,32MP,50MP,MediaTek Helio G99,5000,7,69999,29999,2499,349.0,1299,2024,251.9964,359.988,349.86,349.0,350.73,332.31488,1,1.0502087658548422,Mid-Range
Tecno,Camon 20 128GB,195.0,6,32MP,50MP,MediaTek Helio G99,5000,7,69999,29999,2499,349.0,1299,2024,251.9964,359.988,349.86,349.0,350.73,332.31488,1,1.0502087658548422,Mid-Range
Tecno,Pova 5G 512GB,240.0,8,32MP,50MP,MediaTek Dimensity 900,6000,7,119999,54999,4499,699.0,2799,2024,431.9964,659.988,629.86,699.0,755.73,635.31488,1,1.1002418202451043,Premium
Tecno,Pova 5 256GB,230.0,8,16MP,50MP,MediaTek Helio G99,6000,7,59999,24999,2299,329.0,1199,2024,215.9964,299.988,321.86,329.0,323.73,298.11487999999997,1,1.1036014035931385,Mid-Range
Infinix,Hot 50,192.0,6,8MP,50MP,MediaTek Helio G85,5000,7,39999,14999,1399,219.0,799,2024,143.9964,179.988,195.86,219.0,215.73000000000002,190.91487999999998,1,1.1471080724561649,Budget
Infinix,Hot 50i,190.0,4,8MP,50MP,Unisoc T606,5000,7,32999,12499,1199,179.0,699,2024,118.79639999999999,149.988,167.86,179.0,188.73000000000002,160.87488000000002,1,1.1126659426257224,Budget
Infinix,Hot 50 5G,195.0,8,16MP,50MP,MediaTek Dimensity 810,5200,7,48999,18999,1799,289.0,1049,2024,176.3964,227.988,251.86,289.0,283.23,245.69488,1,1.1762556875422068,Mid-Range
Infinix,Hot 50 Pro,194.0,8,16MP,50MP,MediaTek Helio G99,5000,7,45999,17999,1699,269.0,999,2024,165.5964,215.988,237.86,269.0,269.73,231.63487999999998,1,1.1613104209521468,Mid-Range
Infinix,Note 40X 5G,198.0,8,32MP,108MP,MediaTek Dimensity 7200,5200,7,64999,23999,2299,349.0,1299,2024,233.9964,287.988,321.86,349.0,350.73,308.71488,1,1.1304929649001694,Mid-Range
Infinix,Note 40S,196.0,8,32MP,50MP,MediaTek Helio G99,5000,7,42999,16999,1799,279.0,999,2024,154.7964,203.988,251.86,279.0,269.73,231.87488000000002,1,1.2032351240462096,Mid-Range
Infinix,Note 40 5G,195.0,8,32MP,108MP,MediaTek Dimensity 8100,5200,7,54999,19999,1999,319.0,1099,2024,197.9964,239.988,279.86,319.0,296.73,266.71488,1,1.196033757096717,Mid-Range
Infinix,Hot 40,196.0,8,32MP,50MP,MediaTek Helio G88,5000,7,35999,12499,1199,199.0,749,2023,129.5964,149.988,167.86,199.0,202.23000000000002,169.73488,2,1.1724166535481688,Budget
Infinix,Hot 40i,195.0,4,8MP,13MP,Unisoc T606,5000,7,28999,10999,999,159.0,599,2023,104.3964,131.988,139.86,159.0,161.73000000000002,139.39488,2,1.1406444770424853,Budget
Infinix,Hot 40 Pro,195.0,8,32MP,108MP,MediaTek Helio G99,5000,7,39999,14999,1399,229.0,849,2023,143.9964,179.988,195.86,229.0,229.23000000000002,195.61488,2,1.1706675892958653,Budget
Infinix,Zero Flip,190.0,8,32MP,108MP,Qualcomm Snapdragon 778G,4500,7,89999,32999,2499,399.0,1499,2024,323.9964,395.988,349.86,399.0,404.73,374.71488,1,1.0648095960320552,Mid-Range
Infinix,Note 40,190.0,8,32MP,108MP,MediaTek Helio G99,5000,7,45999,17999,1799,279.0,999,2024,165.5964,215.988,251.86,279.0,269.73,236.43487999999996,1,1.1800289365088605,Mid-Range
Infinix,Hot 30 128GB,196.0,8,8MP,50MP,MediaTek Helio G88,5000,7,35999,12499,1199,199.0,749,2023,129.5964,149.988,167.86,199.0,202.23000000000002,169.73488,2,1.1724166535481688,Budget
Infinix,Hot 30i 128GB,191.0,4,8MP,13MP,Unisoc T606,5000,7,28999,10999,999,159.0,599,2023,104.3964,131.988,139.86,159.0,161.73000000000002,139.39488,2,1.1406444770424853,Budget
Infinix,Hot 30i NFC 128GB,191.0,4,8MP,13MP,Unisoc T606,5000,7,29999,11499,999,159.0,599,2023,107.9964,137.988,139.86,159.0,161.73000000000002,141.31488,2,1.1251469059733838,Budget
Infinix,Hot 30 Play 128GB,205.0,4,8MP,16MP,MediaTek Helio G37,6000,7,30999,11999,1099,179.0,649,2023,111.5964,143.988,153.86,179.0,175.23000000000002,152.73488000000003,2,1.1719654344835964,Budget
Infinix,Hot 30 5G 128GB,202.0,8,8MP,50MP,MediaTek Dimensity 810,5000,7,41999,17999,1499,239.0,899,2023,151.19639999999998,215.988,209.86,239.0,242.73000000000002,211.75488,2,1.1286634810966338,Mid-Range
Infinix,Zero 30 256GB,185.0,8,50MP,108MP,MediaTek Dimensity 8020,5000,7,69999,26999,2199,349.0,1299,2023,251.9964,323.988,307.86,349.0,350.73,316.71488,2,1.1019374902751649,Mid-Range
Infinix,GT 10 Pro 256GB,187.0,8,32MP,108MP,MediaTek Dimensity 8050,5000,7,84999,32999,2599,399.0,1499,2023,305.9964,395.988,363.86,399.0,404.73,373.91488,2,1.067087782117684,Mid-Range
Infinix,Hot 12 128GB,195.0,6,8MP,13MP,MediaTek Helio G85,5000,7,28999,11499,1099,179.0,649,2022,104.3964,137.988,153.86,179.0,175.23000000000002,150.09488000000002,3,1.192578987371188,Budget
Infinix,Hot 12 Play 128GB,209.0,4,8MP,13MP,Unisoc T610,6000,7,24999,10499,999,159.0,599,2022,89.9964,125.988,139.86,159.0,161.73000000000002,135.31488,3,1.1750370690939533,Budget
Infinix,Hot 12 Pro 128GB,191.0,8,8MP,50MP,Unisoc T616,5000,7,31999,12999,1199,199.0,749,2022,115.1964,155.988,167.86,199.0,202.23000000000002,168.05488,3,1.1841369914399391,Budget
Infinix,Hot 12i 64GB,190.0,4,8MP,13MP,MediaTek Helio A22,5000,7,22999,9999,899,139.0,499,2022,82.79639999999999,119.988,125.86000000000001,139.0,134.73000000000002,120.47488000000001,3,1.1537674907831408,Budget
Infinix,Hot 20 128GB,198.0,6,8MP,50MP,MediaTek Helio G85,5000,7,30999,12999,1199,199.0,749,2022,111.5964,155.988,167.86,199.0,202.23000000000002,167.33488000000003,3,1.1892320357835735,Budget
Infinix,Hot 20 Play 128GB,209.0,4,8MP,13MP,MediaTek Helio G37,6000,7,25999,10999,999,159.0,599,2022,93.5964,131.988,139.86,159.0,161.73000000000002,137.23488000000003,3,1.1585975810231333,Budget
Infinix,Hot 20s 128GB,202.0,8,8MP,50MP,MediaTek Helio G96,5000,7,34999,14999,1399,219.0,799,2022,125.9964,179.988,195.86,219.0,215.73000000000002,187.31488,3,1.1691543138484246,Budget
Infinix,Hot 20 5G 128GB,204.0,6,8MP,50MP,MediaTek Dimensity 810,5000,7,38999,16999,1499,239.0,899,2022,140.3964,203.988,209.86,239.0,242.73000000000002,207.19488,3,1.1535034070339962,Mid-Range
Infinix,Hot 20i 64GB,195.0,4,8MP,13MP,MediaTek Helio G25,5000,7,21999,9499,899,139.0,499,2022,79.1964,113.988,125.86000000000001,139.0,134.73000000000002,118.55488,3,1.172452791483573,Budget
Infinix,Hot 10T 128GB,205.0,4,8MP,48MP,MediaTek Helio G70,5000,7,23999,10499,999,149.0,549,2021,86.3964,125.988,139.86,149.0,148.23000000000002,129.89488,4,1.147081393816292,Budget
Infinix,Hot 10S 128GB,211.0,6,8MP,48MP,MediaTek Helio G85,6000,7,25999,11999,1099,169.0,599,2021,93.5964,143.988,153.86,169.0,161.73000000000002,144.43488000000002,4,1.1700774771301778,Budget
Infinix,Hot 10S NFC 128GB,211.0,6,8MP,48MP,MediaTek Helio G85,6000,7,26999,12499,1199,179.0,649,2021,97.1964,149.988,167.86,179.0,175.23000000000002,153.85488,4,1.1634340100229514,Budget
Infinix,Hot 10 Lite 64GB,195.0,3,8MP,13MP,MediaTek Helio A25,5000,7,19999,7999,699,109.0,399,2020,71.9964,95.988,97.86000000000001,109.0,107.73,96.51488,5,1.1293595350271377,Budget
Infinix,Hot 10 Play 64GB,207.0,4,8MP,13MP,MediaTek Helio G25,6000,7,22999,9499,899,139.0,499,2021,82.79639999999999,113.988,125.86000000000001,139.0,134.73000000000002,119.27488000000001,4,1.165375307860297,Budget
Infinix,Hot 11 128GB,201.0,4,8MP,13MP,MediaTek Helio G70,5200,7,24999,10999,999,159.0,599,2021,89.9964,131.988,139.86,159.0,161.73000000000002,136.51488,4,1.1647081988424997,Budget
Infinix,Hot 11 Play 128GB,209.0,4,8MP,13MP,MediaTek Helio G35,6000,7,25999,11499,1099,169.0,649,2021,93.5964,137.988,153.86,169.0,175.23000000000002,145.93488000000002,4,1.1580507689457105,Budget
Infinix,Hot 11s 128GB,205.0,6,8MP,50MP,MediaTek Helio G88,5000,7,27999,12999,1299,189.0,699,2021,100.79639999999999,155.988,181.86,189.0,188.73000000000002,163.27488,4,1.1575571208504334,Budget
Infinix,Note 8i 128GB,210.0,6,8MP,48MP,MediaTek Helio G80,5200,7,29999,12999,1199,199.0,749,2020,107.9964,155.988,167.86,199.0,202.23000000000002,166.61488,5,1.1943711149928506,Budget
Infinix,Note 8 128GB,210.0,6,16MP,64MP,MediaTek Helio G80,5200,7,34999,15999,1499,229.0,899,2020,125.9964,191.988,209.86,229.0,242.73000000000002,199.91487999999998,5,1.1454875194882943,Budget
Infinix,Zero 8i 128GB,210.0,8,16MP,48MP,MediaTek Helio G90T,4500,7,39999,17999,1599,249.0,999,2020,143.9964,215.988,223.86,249.0,269.73,220.51488,5,1.1291755005376507,Mid-Range
Infinix,Hot 10 128GB,204.0,4,8MP,16MP,MediaTek Helio G70,5200,7,24999,10999,999,159.0,599,2020,89.9964,131.988,139.86,159.0,161.73000000000002,136.51488,5,1.1647081988424997,Budget
Infinix,Zero 8 128GB,205.0,8,48MP,64MP,MediaTek Helio G90T,4500,7,44999,19999,1799,279.0,1099,2020,161.9964,239.988,251.86,279.0,296.73,245.91487999999998,5,1.1345389103741914,Mid-Range
Infinix,Smart 5 64GB,195.0,3,8MP,13MP,MediaTek Helio A20,5000,7,18999,7499,599,99.0,349,2020,68.3964,89.988,83.86000000000001,99.0,94.23,87.09488,5,1.136691387599363,Budget
Honor,9X Lite,175.0,4,8MP,48MP,Kirin 710F,3750,6,39999,15999,1499,219.0,799,2020,143.9964,191.988,209.86,219.0,215.73000000000002,196.11488,5,1.116692420279379,Budget
Honor,30,185.0,8,32MP,40MP,Kirin 985 5G,4000,7,74999,29999,2999,449.0,1599,2020,269.9964,359.988,419.86,449.0,431.73,386.11487999999997,5,1.1628663469276295,Mid-Range
Honor,30 Pro,190.0,8,32MP,50MP,Kirin 990 5G,4000,7,94999,39999,3999,599.0,2199,2020,341.9964,479.988,559.86,599.0,593.73,514.91488,5,1.1632990679935293,Premium
Honor,30S,190.0,6,16MP,64MP,Kirin 820 5G,4000,6,54999,22999,2299,349.0,1299,2020,197.9964,275.988,321.86,349.0,350.73,299.11487999999997,5,1.166775788620078,Mid-Range
Honor,X10,203.0,6,16MP,40MP,Kirin 820 5G,4300,7,48999,19999,2099,319.0,1149,2020,176.3964,239.988,293.86,319.0,310.23,267.89488,5,1.1907655719288104,Mid-Range
Honor,X10 Max,227.0,8,8MP,48MP,MediaTek Dimensity 800,5000,7,64999,25999,2499,379.0,1399,2020,233.9964,311.988,349.86,379.0,377.73,330.51488,5,1.1466957251667458,Mid-Range
Honor,Play 4,213.0,6,16MP,64MP,MediaTek Dimensity 800,4300,7,49999,21999,2299,349.0,1249,2020,179.9964,263.988,321.86,349.0,337.23,290.41488,5,1.2017290574091797,Mid-Range
Honor,Play 4 Pro,213.0,8,32MP,40MP,Kirin 990 5G,4200,7,74999,29999,3499,549.0,1999,2020,269.9964,359.988,489.86000000000007,549.0,539.73,441.71488,5,1.2428831919812164,Mid-Range
Honor,10X Lite,206.0,4,8MP,48MP,Kirin 710A,5000,7,34999,13999,1499,229.0,849,2020,125.9964,167.988,209.86,229.0,229.23000000000002,192.41487999999998,5,1.1901366463965781,Budget
Honor,V40,189.0,8,16MP,50MP,MediaTek Dimensity 1000+,4000,7,89999,37999,3999,599.0,2199,2021,323.9964,455.988,559.86,599.0,593.73,506.51488,4,1.182591121508612,Premium
Honor,50,175.0,8,32MP,108MP,Qualcomm Snapdragon 778G,4300,7,89999,37999,2699,549.0,2049,2021,323.9964,455.988,377.86,549.0,553.23,452.01488,4,1.2145617861075724,Mid-Range
Honor,50 Pro,187.0,8,32MP,108MP,Qualcomm Snapdragon 778G,4000,7,109999,44999,3699,649.0,2499,2021,395.9964,539.988,517.86,649.0,674.73,555.51488,4,1.1682855371938914,Premium
Honor,50 SE,191.0,8,16MP,108MP,MediaTek Dimensity 900,4000,7,74999,29999,2399,449.0,1699,2021,269.9964,359.988,335.86,449.0,458.73,374.71488,4,1.1982443825022375,Mid-Range
Honor,X20,192.0,6,16MP,64MP,MediaTek Dimensity 900,4300,7,64999,25999,2299,379.0,1399,2021,233.9964,311.988,321.86,379.0,377.73,324.91488,4,1.166459350830593,Mid-Range
Honor,X20 SE,179.0,6,16MP,64MP,MediaTek Dimensity 700,4000,7,54999,22999,1799,299.0,1199,2021,197.9964,275.988,251.86,299.0,323.73,269.71488,4,1.1085780658449398,Mid-Range
Honor,Play 5,179.0,8,16MP,64MP,MediaTek Dimensity 800U,3800,7,49999,19999,2099,319.0,1149,2021,179.9964,239.988,293.86,319.0,310.23,268.61487999999997,4,1.1875738231627377,Mid-Range
Honor,Play 5T,191.0,6,8MP,13MP,Unisoc T610,5000,6,34999,14999,1499,219.0,799,2021,125.9964,179.988,209.86,219.0,215.73000000000002,190.11488,4,1.1519350826195194,Budget
Honor,Magic3,202.0,8,13MP,50MP,Qualcomm Snapdragon 888,4600,7,159999,64999,4599,899.0,3299,2021,575.9964,779.988,643.86,899.0,890.73,757.91488,4,1.1861490303502156,Premium
Honor,Magic3 Pro,213.0,8,13MP,50MP,Qualcomm Snapdragon 888+,4600,7,189999,74999,5499,1099.0,3999,2021,683.9964,899.988,769.8600000000001,1099.0,1079.73,906.5148800000001,4,1.2123353121351963,Flagship
Honor,60,179.0,8,32MP,108MP,Qualcomm Snapdragon 778G,4800,7,99999,41999,2699,549.0,2049,2021,359.9964,503.988,377.86,549.0,553.23,468.81488,4,1.1710379158613737,Mid-Range
Honor,60 Pro,192.0,8,50MP,108MP,Qualcomm Snapdragon 778G+,4800,7,124999,49999,3699,649.0,2599,2021,449.9964,599.988,517.86,649.0,701.73,583.71488,4,1.1118441935213301,Premium
Honor,60 SE,191.0,8,16MP,64MP,MediaTek Dimensity 900,4300,7,74999,29999,2399,449.0,1699,2021,269.9964,359.988,335.86,449.0,458.73,374.71488,4,1.1982443825022375,Mid-Range
Honor,X30,189.0,6,16MP,48MP,Qualcomm Snapdragon 695,4800,7,69999,27999,2099,379.0,1299,2021,251.9964,335.988,293.86,379.0,350.73,322.31488,4,1.1758687653514475,Mid-Range
Honor,X30i,175.0,6,16MP,48MP,MediaTek Dimensity 810,4000,7,54999,22999,1799,299.0,1099,2021,197.9964,275.988,251.86,299.0,296.73,264.31488,4,1.1312265128622345,Mid-Range
Honor,X30 Max,228.0,8,8MP,64MP,MediaTek Dimensity 900,5000,7,89999,35999,2399,499.0,1899,2021,323.9964,431.988,335.86,499.0,512.73,420.71488,4,1.1860764230635246,Mid-Range
Honor,Play 6,190.0,6,5MP,13MP,MediaTek MT6762G Helio G25,5000,7,29999,12999,1199,179.0,699,2022,107.9964,155.988,167.86,179.0,188.73000000000002,159.91487999999998,3,1.1193454918016386,Budget
Honor,Play 6T,198.0,6,5MP,13MP,MediaTek Dimensity 700,5000,7,39999,16999,1499,229.0,799,2022,143.9964,203.988,209.86,229.0,215.73000000000002,200.51488,3,1.1420598810422449,Mid-Range
Honor,Magic4,199.0,8,12MP,50MP,Qualcomm Snapdragon 8 Gen 1,4800,7,179999,72999,4699,899.0,3299,2022,647.9964,875.988,657.86,899.0,890.73,794.31488,3,1.1317929735875023,Premium
Honor,Magic4 Pro,215.0,8,12MP,50MP,Qualcomm Snapdragon 8 Gen 1,4600,7,209999,84999,5499,1099.0,3999,2022,755.9964,1019.988,769.8600000000001,1099.0,1079.73,944.91488,3,1.1630677252113968,Flagship
Honor,70,178.0,8,32MP,54MP,Qualcomm Snapdragon 778G+,4800,7,119999,46999,2699,549.0,2099,2022,431.9964,563.988,377.86,549.0,566.73,497.91488,3,1.1025980986951023,Mid-Range
Honor,70 Pro,192.0,8,50MP,54MP,MediaTek Dimensity 8000,4500,7,149999,59999,3699,699.0,2699,2022,539.9964,719.988,517.86,699.0,728.73,641.11488,3,1.0902882179243758,Premium
Honor,X40,172.0,6,8MP,50MP,Qualcomm Snapdragon 695,5100,7,64999,26999,1499,299.0,1099,2022,233.9964,323.988,209.86,299.0,296.73,272.71488,3,1.0963831529838048,Mid-Range
Honor,X40i,175.0,6,8MP,50MP,MediaTek Dimensity 700,4000,7,49999,22999,1799,279.0,999,2022,179.9964,275.988,251.86,279.0,269.73,251.31488,3,1.1101610855672375,Mid-Range
Honor,Play 7,196.0,4,5MP,13MP,MediaTek Helio G37,5200,7,29999,12499,1099,159.0,599,2023,107.9964,149.988,153.86,159.0,161.73000000000002,146.51488,2,1.085214006932265,Budget
Honor,Play 7T,199.0,6,5MP,13MP,MediaTek Dimensity 6020,5200,7,34999,14999,1299,199.0,749,2023,125.9964,179.988,181.86,199.0,202.23000000000002,177.81488,2,1.1191414351824776,Budget
Honor,Magic5,204.0,8,12MP,50MP,Qualcomm Snapdragon 8 Gen 2,5100,7,199999,79999,4999,999.0,3599,2023,719.9964,959.988,699.86,999.0,971.73,870.1148800000001,2,1.1481242568797352,Flagship
Honor,80,180.0,8,32MP,160MP,Qualcomm Snapdragon 782G,4800,7,119999,46999,2699,549.0,2099,2022,431.9964,563.988,377.86,549.0,566.73,497.91488,3,1.1025980986951023,Mid-Range
Honor,80 SE,175.0,8,32MP,64MP,MediaTek Dimensity 900,4600,7,84999,34999,1999,399.0,1599,2022,305.9964,419.988,279.86,399.0,431.73,367.31488,3,1.086261465911754,Mid-Range
Honor,X50,185.0,6,8MP,108MP,Qualcomm Snapdragon 6 Gen 1,5800,7,74999,28999,1599,299.0,1099,2023,269.9964,347.988,223.86,299.0,296.73,287.51488,2,1.039946176003134,Mid-Range
Honor,X50i,179.0,6,8MP,100MP,MediaTek Dimensity 6020,4500,7,54999,21999,1399,249.0,899,2023,197.9964,263.988,195.86,249.0,242.73000000000002,229.91487999999998,2,1.0830095033431504,Mid-Range
Honor,Play 8,191.0,4,5MP,13MP,MediaTek Helio G36,5000,7,27999,11499,999,149.0,549,2023,100.79639999999999,137.988,139.86,149.0,148.23000000000002,135.17488,2,1.102275807457717,Budget
Honor,Play 8T,195.0,6,5MP,50MP,MediaTek Dimensity 6100+,5200,7,32999,13999,1199,189.0,699,2023,118.79639999999999,167.988,167.86,189.0,188.73000000000002,166.47488,2,1.135306419803396,Budget
Honor,Magic6,203.0,8,12MP,50MP,Qualcomm Snapdragon 8 Gen 3,5200,7,219999,89999,5499,1099.0,3999,2024,791.9964,1079.988,769.8600000000001,1099.0,1079.73,964.1148800000001,1,1.1399056510775976,Flagship
Honor,90 SE,175.0,8,32MP,64MP,MediaTek Dimensity 900,4600,7,84999,34999,1999,399.0,1599,2023,305.9964,419.988,279.86,399.0,431.73,367.31488,2,1.086261465911754,Mid-Range
Honor,X60,185.0,6,8MP,108MP,Qualcomm Snapdragon 6 Gen 1,5800,7,74999,28999,1599,299.0,1099,2023,269.9964,347.988,223.86,299.0,296.73,287.51488,2,1.039946176003134,Mid-Range
Honor,X60i,179.0,6,8MP,100MP,MediaTek Dimensity 6020,4500,7,54999,21999,1399,249.0,899,2023,197.9964,263.988,195.86,249.0,242.73000000000002,229.91487999999998,2,1.0830095033431504,Mid-Range
Honor,Play 9,191.0,4,5MP,13MP,MediaTek Helio G36,5000,7,27999,11499,999,149.0,549,2023,100.79639999999999,137.988,139.86,149.0,148.23000000000002,135.17488,2,1.102275807457717,Budget
Honor,Play 9T,195.0,6,5MP,50MP,MediaTek Dimensity 6100+,5200,7,32999,13999,1199,189.0,699,2023,118.79639999999999,167.988,167.86,189.0,188.73000000000002,166.47488,2,1.135306419803396,Budget
Honor,Magic7,203.0,8,12MP,50MP,Qualcomm Snapdragon 8 Gen 3,5200,7,219999,89999,5499,1099.0,3999,2024,791.9964,1079.988,769.8600000000001,1099.0,1079.73,964.1148800000001,1,1.1399056510775976,Flagship
POCO,F2 Pro 128GB,219.0,6,20MP,64MP,Snapdragon 865,4700,7,99999,37999,2999,499.0,1999,2020,359.9964,455.988,419.86,499.0,539.73,454.91488,5,1.0969085029709296,Mid-Range
POCO,M2 Pro 64GB,209.0,4,16MP,48MP,Snapdragon 720G,5000,7,34999,13999,1399,199.0,799,2020,125.9964,167.988,195.86,199.0,215.73000000000002,180.91487999999998,5,1.099964801126364,Budget
POCO,X3 NFC 128GB,215.0,6,20MP,64MP,Snapdragon 732G,5160,7,39999,16999,1599,229.0,899,2020,143.9964,203.988,223.86,229.0,242.73000000000002,208.71488,5,1.097190578841336,Mid-Range
POCO,M3 64GB,198.0,4,8MP,48MP,Snapdragon 662,6000,7,24999,10999,999,149.0,599,2020,89.9964,131.988,139.86,149.0,161.73000000000002,134.51488,5,1.1076841461702973,Budget
POCO,F3 128GB,196.0,6,20MP,48MP,Snapdragon 870,4520,7,69999,29999,2499,349.0,1399,2021,251.9964,359.988,349.86,349.0,377.73,337.71488,4,1.0334161171696077,Mid-Range
POCO,X3 Pro 128GB,215.0,6,20MP,48MP,Snapdragon 860,5160,7,49999,18999,1799,249.0,999,2021,179.9964,227.988,251.86,249.0,269.73,235.71488,4,1.0563609730535468,Mid-Range
POCO,M3 Pro 5G 64GB,190.0,4,8MP,48MP,MediaTek Dimensity 700,5000,6,29999,13999,1199,199.0,799,2021,107.9964,167.988,167.86,199.0,215.73000000000002,171.71488,4,1.158897819455134,Budget
POCO,F3 GT 128GB,205.0,6,16MP,64MP,MediaTek Dimensity 1200,5065,7,79999,25999,2299,399.0,1499,2021,287.9964,311.988,321.86,399.0,404.73,345.11487999999997,4,1.1561367623441796,Mid-Range
POCO,X3 GT 128GB,193.0,6,16MP,64MP,MediaTek Dimensity 1100,5000,7,44999,21999,1899,279.0,1099,2021,161.9964,263.988,265.86,279.0,296.73,253.51488,4,1.1005271169881625,Mid-Range
POCO,M4 Pro 5G 128GB,195.0,4,16MP,50MP,MediaTek Dimensity 810,5000,7,34999,14999,1499,219.0,849,2021,125.9964,179.988,209.86,219.0,229.23000000000002,192.81488,4,1.1358044565855083,Budget
POCO,F4 128GB,195.0,6,20MP,64MP,Snapdragon 870,4500,7,74999,27999,2399,349.0,1399,2022,269.9964,335.988,335.86,349.0,377.73,333.71488,3,1.0458029321317648,Mid-Range
POCO,F4 GT 128GB,210.0,8,20MP,64MP,Snapdragon 8 Gen 1,4700,7,99999,39999,3299,499.0,1999,2022,359.9964,479.988,461.86000000000007,499.0,539.73,468.11487999999997,3,1.0659776506143108,Mid-Range
POCO,X4 Pro 5G 128GB,205.0,6,16MP,108MP,Snapdragon 695,5000,7,54999,18999,1999,299.0,1199,2022,197.9964,227.988,279.86,299.0,323.73,265.71488,3,1.1252663004796721,Mid-Range
POCO,M4 Pro 128GB,179.0,6,16MP,64MP,MediaTek Helio G96,5000,6,39999,14999,1499,219.0,849,2022,143.9964,179.988,209.86,219.0,229.23000000000002,196.41487999999998,3,1.1149868075168237,Budget
POCO,M5 128GB,201.0,4,5MP,50MP,MediaTek Helio G99,5000,7,29999,12499,1299,199.0,799,2022,107.9964,149.988,181.86,199.0,215.73000000000002,170.91487999999998,3,1.164322263807575,Budget
POCO,M5s 128GB,178.8,4,13MP,64MP,MediaTek Helio G95,5000,6,34999,13999,1399,229.0,899,2022,125.9964,167.988,195.86,229.0,242.73000000000002,192.31488,3,1.1907554943226444,Budget
POCO,F5 128GB,181.0,6,16MP,64MP,Snapdragon 7+ Gen 2,5000,7,79999,29999,2299,349.0,1299,2023,287.9964,359.988,321.86,349.0,350.73,333.91488,2,1.0451765431956792,Mid-Range
POCO,F5 Pro 256GB,204.0,8,20MP,64MP,Snapdragon 8+ Gen 1,5160,7,99999,39999,3299,499.0,1899,2023,359.9964,479.988,461.86000000000007,499.0,512.73,462.71488,2,1.0784178801425188,Mid-Range
POCO,X5 128GB,189.0,6,13MP,48MP,Snapdragon 695,5000,7,54999,18999,1799,279.0,1099,2023,197.9964,227.988,251.86,279.0,296.73,250.71488,2,1.1128178750299942,Mid-Range
POCO,X5 Pro 128GB,181.0,6,16MP,108MP,Snapdragon 778G,5000,7,64999,22999,2199,329.0,1199,2023,233.9964,275.988,307.86,329.0,323.73,294.11487999999997,2,1.1186105238878088,Mid-Range
POCO,M6 64GB,199.0,4,8MP,50MP,MediaTek Helio G88,5000,7,29999,12999,1299,199.0,799,2023,107.9964,155.988,181.86,199.0,215.73000000000002,172.11488,2,1.1562045071291918,Budget
POCO,M6 Pro 128GB,202.0,6,8MP,50MP,Snapdragon 4 Gen 1,5000,7,34999,14999,1499,219.0,849,2023,125.9964,179.988,209.86,219.0,229.23000000000002,192.81488,2,1.1358044565855083,Budget
POCO,X6 128GB,193.0,6,16MP,64MP,MediaTek Dimensity 8100,5000,7,59999,21999,2299,349.0,1299,2024,215.9964,263.988,321.86,349.0,350.73,300.31488,1,1.1621135789208978,Mid-Range
POCO,X6 Pro 256GB,205.0,8,20MP,108MP,MediaTek Dimensity 8300,5000,7,69999,24999,2599,399.0,1499,2024,251.9964,299.988,363.86,399.0,404.73,343.91488,1,1.1601707957503904,Mid-Range
POCO,F6 128GB,190.0,6,20MP,64MP,Snapdragon 8 Gen 2,5000,7,89999,34999,2999,449.0,1699,2024,323.9964,419.988,419.86,449.0,458.73,414.31488,1,1.083716809784867,Mid-Range
POCO,F6 Pro 256GB,210.0,8,20MP,108MP,Snapdragon 8+ Gen 2,5160,7,109999,44999,3499,549.0,1999,2024,395.9964,539.988,489.86000000000007,549.0,539.73,502.9148800000001,1,1.0916360239728837,Premium
POCO,C65 64GB,190.0,4,5MP,50MP,MediaTek Helio G85,5000,6,24999,10999,999,149.0,599,2024,89.9964,131.988,139.86,149.0,161.73000000000002,134.51488,1,1.1076841461702973,Budget
POCO,X7 128GB,195.0,6,16MP,64MP,MediaTek Dimensity 8200,5000,7,64999,22999,2199,329.0,1199,2025,233.9964,275.988,307.86,329.0,323.73,294.11487999999997,0,1.1186105238878088,Mid-Range
POCO,X7 Pro 256GB,207.0,8,20MP,108MP,MediaTek Dimensity 8400,6000,7,79999,27999,2699,399.0,1499,2025,287.9964,335.988,377.86,399.0,404.73,361.11487999999997,0,1.1049115450462745,Mid-Range
POCO,M7 5G 128GB,198.0,6,8MP,50MP,MediaTek Dimensity 7025,5110,7,39999,15999,1599,229.0,899,2024,143.9964,191.988,223.86,229.0,242.73000000000002,206.31488,1,1.1099538724497235,Mid-Range
